Path,Sample,ReferenceGenome,ProviderName,Subject,Outgroup
/ptmp/mfenk/data/mf_2020_hap/batch1/raw/public_data/2023_12_Enterobacter_fetchngs/data/fastq/,cdc_eq_other_13619217,P07_Ehormaechei-c1_240825,SRX10012331_SRR13619217,Pub_data,0
/ptmp/mfenk/data/mf_2020_hap/batch1/raw/public_data/2023_12_Enterobacter_fetchngs/data/fastq/,cdc_eq_urine_13748160,P07_Ehormaechei-c1_240825,SRX10134977_SRR13748160,Pub_data,0
/ptmp/mfenk/data/mf_2020_hap/batch1/raw/public_data/2023_12_Enterobacter_fetchngs/data/fastq/,cdc_eq_wound_13748146,P07_Ehormaechei-c1_240825,SRX10134991_SRR13748146,Pub_data,0
/ptmp/mfenk/data/mf_2020_hap/batch1/raw/public_data/2023_12_Enterobacter_fetchngs/data/fastq/,chav16_other_2032852,P07_Ehormaechei-c1_240825,SRX1033111_SRR2032852,Pub_data,0
/ptmp/mfenk/data/mf_2020_hap/batch1/raw/public_data/2023_12_Enterobacter_fetchngs/data/fastq/,chav16_other_body_2051527,P07_Ehormaechei-c1_240825,SRX1048956_SRR2051527,Pub_data,0
/ptmp/mfenk/data/mf_2020_hap/batch1/raw/public_data/2023_12_Enterobacter_fetchngs/data/fastq/,chav16_other_body_2051530,P07_Ehormaechei-c1_240825,SRX1048959_SRR2051530,Pub_data,0
/ptmp/mfenk/data/mf_2020_hap/batch1/raw/public_data/2023_12_Enterobacter_fetchngs/data/fastq/,chav16_other_body_2051532,P07_Ehormaechei-c1_240825,SRX1048961_SRR2051532,Pub_data,0
/ptmp/mfenk/data/mf_2020_hap/batch1/raw/public_data/2023_12_Enterobacter_fetchngs/data/fastq/,chav16_other_body_2051536,P07_Ehormaechei-c1_240825,SRX1048965_SRR2051536,Pub_data,0
/ptmp/mfenk/data/mf_2020_hap/batch1/raw/public_data/2023_12_Enterobacter_fetchngs/data/fastq/,chav16_other_body_2051556,P07_Ehormaechei-c1_240825,SRX1048985_SRR2051556,Pub_data,0
/ptmp/mfenk/data/mf_2020_hap/batch1/raw/public_data/2023_12_Enterobacter_fetchngs/data/fastq/,chav16_other_body_2051557,P07_Ehormaechei-c1_240825,SRX1048986_SRR2051557,Pub_data,0
/ptmp/mfenk/data/mf_2020_hap/batch1/raw/public_data/2023_12_Enterobacter_fetchngs/data/fastq/,chav16_other_body_2051567,P07_Ehormaechei-c1_240825,SRX1048996_SRR2051567,Pub_data,0
/ptmp/mfenk/data/mf_2020_hap/batch1/raw/public_data/2023_12_Enterobacter_fetchngs/data/fastq/,cdc_eq_lung_14433837,P07_Ehormaechei-c1_240825,SRX10785001_SRR14433837,Pub_data,0
/ptmp/mfenk/data/mf_2020_hap/batch1/raw/public_data/2023_12_Enterobacter_fetchngs/data/fastq/,cdc_eq_other_14760394,P07_Ehormaechei-c1_240825,SRX11093910_SRR14760394,Pub_data,0
/ptmp/mfenk/data/mf_2020_hap/batch1/raw/public_data/2023_12_Enterobacter_fetchngs/data/fastq/,cdc_eq_urine_14760392,P07_Ehormaechei-c1_240825,SRX11093912_SRR14760392,Pub_data,0
/ptmp/mfenk/data/mf_2020_hap/batch1/raw/public_data/2023_12_Enterobacter_fetchngs/data/fastq/,cdc_eq_other_14760390,P07_Ehormaechei-c1_240825,SRX11093914_SRR14760390,Pub_data,0
/ptmp/mfenk/data/mf_2020_hap/batch1/raw/public_data/2023_12_Enterobacter_fetchngs/data/fastq/,cdc_eq_other_14760389,P07_Ehormaechei-c1_240825,SRX11093915_SRR14760389,Pub_data,0
/ptmp/mfenk/data/mf_2020_hap/batch1/raw/public_data/2023_12_Enterobacter_fetchngs/data/fastq/,cdc_eq_other_14760388,P07_Ehormaechei-c1_240825,SRX11093916_SRR14760388,Pub_data,0
/ptmp/mfenk/data/mf_2020_hap/batch1/raw/public_data/2023_12_Enterobacter_fetchngs/data/fastq/,cdc_eq_wound_14792834,P07_Ehormaechei-c1_240825,SRX11126008_SRR14792834,Pub_data,0
/ptmp/mfenk/data/mf_2020_hap/batch1/raw/public_data/2023_12_Enterobacter_fetchngs/data/fastq/,cdc_eq_lung_14831711,P07_Ehormaechei-c1_240825,SRX11160001_SRR14831711,Pub_data,0
/ptmp/mfenk/data/mf_2020_hap/batch1/raw/public_data/2023_12_Enterobacter_fetchngs/data/fastq/,cdc_eq_urine_15167068,P07_Ehormaechei-c1_240825,SRX11474363_SRR15167068,Pub_data,0
/ptmp/mfenk/data/mf_2020_hap/batch1/raw/public_data/2023_12_Enterobacter_fetchngs/data/fastq/,cdc_eq_lung_15362804,P07_Ehormaechei-c1_240825,SRX11665305_SRR15362804,Pub_data,0
/ptmp/mfenk/data/mf_2020_hap/batch1/raw/public_data/2023_12_Enterobacter_fetchngs/data/fastq/,cdc_eq_wound_15376987,P07_Ehormaechei-c1_240825,SRX11679378_SRR15376987,Pub_data,0
/ptmp/mfenk/data/mf_2020_hap/batch1/raw/public_data/2023_12_Enterobacter_fetchngs/data/fastq/,cdc_eq_wound_15503291,P07_Ehormaechei-c1_240825,SRX11802597_SRR15503291,Pub_data,0
/ptmp/mfenk/data/mf_2020_hap/batch1/raw/public_data/2023_12_Enterobacter_fetchngs/data/fastq/,cdc_eq_urine_15948225,P07_Ehormaechei-c1_240825,SRX12238092_SRR15948225,Pub_data,0
/ptmp/mfenk/data/mf_2020_hap/batch1/raw/public_data/2023_12_Enterobacter_fetchngs/data/fastq/,cdc_eq_urine_16132274,P07_Ehormaechei-c1_240825,SRX12417497_SRR16132274,Pub_data,0
/ptmp/mfenk/data/mf_2020_hap/batch1/raw/public_data/2023_12_Enterobacter_fetchngs/data/fastq/,cdc_eq_wound_16479900,P07_Ehormaechei-c1_240825,SRX12683131_SRR16479900,Pub_data,0
/ptmp/mfenk/data/mf_2020_hap/batch1/raw/public_data/2023_12_Enterobacter_fetchngs/data/fastq/,cdc_eq_other_16492568,P07_Ehormaechei-c1_240825,SRX12695531_SRR16492568,Pub_data,0
/ptmp/mfenk/data/mf_2020_hap/batch1/raw/public_data/2023_12_Enterobacter_fetchngs/data/fastq/,cdc_eq_wound_16617748,P07_Ehormaechei-c1_240825,SRX12818743_SRR16617748,Pub_data,0
/ptmp/mfenk/data/mf_2020_hap/batch1/raw/public_data/2023_12_Enterobacter_fetchngs/data/fastq/,cdc_eq_wound_16617741,P07_Ehormaechei-c1_240825,SRX12818750_SRR16617741,Pub_data,0
/ptmp/mfenk/data/mf_2020_hap/batch1/raw/public_data/2023_12_Enterobacter_fetchngs/data/fastq/,cdc_eq_wound_16617725,P07_Ehormaechei-c1_240825,SRX12818766_SRR16617725,Pub_data,0
/ptmp/mfenk/data/mf_2020_hap/batch1/raw/public_data/2023_12_Enterobacter_fetchngs/data/fastq/,cdc_eq_wound_16617715,P07_Ehormaechei-c1_240825,SRX12818776_SRR16617715,Pub_data,0
/ptmp/mfenk/data/mf_2020_hap/batch1/raw/public_data/2023_12_Enterobacter_fetchngs/data/fastq/,cdc_eq_urine_16617697,P07_Ehormaechei-c1_240825,SRX12818794_SRR16617697,Pub_data,0
/ptmp/mfenk/data/mf_2020_hap/batch1/raw/public_data/2023_12_Enterobacter_fetchngs/data/fastq/,cdc_eq_wound_16641539,P07_Ehormaechei-c1_240825,SRX12842256_SRR16641539,Pub_data,0
/ptmp/mfenk/data/mf_2020_hap/batch1/raw/public_data/2023_12_Enterobacter_fetchngs/data/fastq/,cdc_eq_wound_16641527,P07_Ehormaechei-c1_240825,SRX12842268_SRR16641527,Pub_data,0
/ptmp/mfenk/data/mf_2020_hap/batch1/raw/public_data/2023_12_Enterobacter_fetchngs/data/fastq/,cdc_eq_wound_16641519,P07_Ehormaechei-c1_240825,SRX12842276_SRR16641519,Pub_data,0
/ptmp/mfenk/data/mf_2020_hap/batch1/raw/public_data/2023_12_Enterobacter_fetchngs/data/fastq/,cdc_eq_urine_16820337,P07_Ehormaechei-c1_240825,SRX13013599_SRR16820337,Pub_data,0
/ptmp/mfenk/data/mf_2020_hap/batch1/raw/public_data/2023_12_Enterobacter_fetchngs/data/fastq/,cdc_eq_urine_16893810,P07_Ehormaechei-c1_240825,SRX13086470_SRR16893810,Pub_data,0
/ptmp/mfenk/data/mf_2020_hap/batch1/raw/public_data/2023_12_Enterobacter_fetchngs/data/fastq/,cdc_eq_urine_16893795,P07_Ehormaechei-c1_240825,SRX13086485_SRR16893795,Pub_data,0
/ptmp/mfenk/data/mf_2020_hap/batch1/raw/public_data/2023_12_Enterobacter_fetchngs/data/fastq/,cdc_eq_other_16894216,P07_Ehormaechei-c1_240825,SRX13086912_SRR16894216,Pub_data,0
/ptmp/mfenk/data/mf_2020_hap/batch1/raw/public_data/2023_12_Enterobacter_fetchngs/data/fastq/,cdc_eq_blood_16949954,P07_Ehormaechei-c1_240825,SRX13141842_SRR16949954,Pub_data,0
/ptmp/mfenk/data/mf_2020_hap/batch1/raw/public_data/2023_12_Enterobacter_fetchngs/data/fastq/,cdc_eq_blood_16964810,P07_Ehormaechei-c1_240825,SRX13156259_SRR16964810,Pub_data,0
/ptmp/mfenk/data/mf_2020_hap/batch1/raw/public_data/2023_12_Enterobacter_fetchngs/data/fastq/,cdc_eq_other_17157375,P07_Ehormaechei-c1_240825,SRX13341293_SRR17157375,Pub_data,0
/ptmp/mfenk/data/mf_2020_hap/batch1/raw/public_data/2023_12_Enterobacter_fetchngs/data/fastq/,cdc_eq_rectum_17611339,P07_Ehormaechei-c1_240825,SRX13779991_SRR17611339,Pub_data,0
/ptmp/mfenk/data/mf_2020_hap/batch1/raw/public_data/2023_12_Enterobacter_fetchngs/data/fastq/,cdc_eq_blood_17721503,P07_Ehormaechei-c1_240825,SRX13884302_SRR17721503,Pub_data,0
/ptmp/mfenk/data/mf_2020_hap/batch1/raw/public_data/2023_12_Enterobacter_fetchngs/data/fastq/,cdc_eq_wound_17721470,P07_Ehormaechei-c1_240825,SRX13884323_SRR17721470,Pub_data,0
/ptmp/mfenk/data/mf_2020_hap/batch1/raw/public_data/2023_12_Enterobacter_fetchngs/data/fastq/,stoe21_hos_ass_18031008,P07_Ehormaechei-c1_240825,SRX14183547_SRR18031008,Pub_data,0
/ptmp/mfenk/data/mf_2020_hap/batch1/raw/public_data/2023_12_Enterobacter_fetchngs/data/fastq/,stoe21_hos_ass_18030957,P07_Ehormaechei-c1_240825,SRX14183598_SRR18030957,Pub_data,0
/ptmp/mfenk/data/mf_2020_hap/batch1/raw/public_data/2023_12_Enterobacter_fetchngs/data/fastq/,stoe21_hos_ass_18030932,P07_Ehormaechei-c1_240825,SRX14183623_SRR18030932,Pub_data,0
/ptmp/mfenk/data/mf_2020_hap/batch1/raw/public_data/2023_12_Enterobacter_fetchngs/data/fastq/,stoe21_hos_ass_18030898,P07_Ehormaechei-c1_240825,SRX14183657_SRR18030898,Pub_data,0
/ptmp/mfenk/data/mf_2020_hap/batch1/raw/public_data/2023_12_Enterobacter_fetchngs/data/fastq/,stoe21_hos_ass_18031294,P07_Ehormaechei-c1_240825,SRX14183716_SRR18031294,Pub_data,0
/ptmp/mfenk/data/mf_2020_hap/batch1/raw/public_data/2023_12_Enterobacter_fetchngs/data/fastq/,stoe21_hos_ass_18031293,P07_Ehormaechei-c1_240825,SRX14183717_SRR18031293,Pub_data,0
/ptmp/mfenk/data/mf_2020_hap/batch1/raw/public_data/2023_12_Enterobacter_fetchngs/data/fastq/,stoe21_hos_ass_18031291,P07_Ehormaechei-c1_240825,SRX14183719_SRR18031291,Pub_data,0
/ptmp/mfenk/data/mf_2020_hap/batch1/raw/public_data/2023_12_Enterobacter_fetchngs/data/fastq/,stoe21_hos_ass_18031259,P07_Ehormaechei-c1_240825,SRX14183751_SRR18031259,Pub_data,0
/ptmp/mfenk/data/mf_2020_hap/batch1/raw/public_data/2023_12_Enterobacter_fetchngs/data/fastq/,stoe21_hos_ass_18031246,P07_Ehormaechei-c1_240825,SRX14183764_SRR18031246,Pub_data,0
/ptmp/mfenk/data/mf_2020_hap/batch1/raw/public_data/2023_12_Enterobacter_fetchngs/data/fastq/,stoe21_hos_ass_18031224,P07_Ehormaechei-c1_240825,SRX14183786_SRR18031224,Pub_data,0
/ptmp/mfenk/data/mf_2020_hap/batch1/raw/public_data/2023_12_Enterobacter_fetchngs/data/fastq/,stoe21_hos_ass_18031211,P07_Ehormaechei-c1_240825,SRX14183799_SRR18031211,Pub_data,0
/ptmp/mfenk/data/mf_2020_hap/batch1/raw/public_data/2023_12_Enterobacter_fetchngs/data/fastq/,stoe21_hos_ass_18031194,P07_Ehormaechei-c1_240825,SRX14183816_SRR18031194,Pub_data,0
/ptmp/mfenk/data/mf_2020_hap/batch1/raw/public_data/2023_12_Enterobacter_fetchngs/data/fastq/,stoe21_hos_ass_18031191,P07_Ehormaechei-c1_240825,SRX14183819_SRR18031191,Pub_data,0
/ptmp/mfenk/data/mf_2020_hap/batch1/raw/public_data/2023_12_Enterobacter_fetchngs/data/fastq/,stoe21_hos_ass_18031179,P07_Ehormaechei-c1_240825,SRX14183831_SRR18031179,Pub_data,0
/ptmp/mfenk/data/mf_2020_hap/batch1/raw/public_data/2023_12_Enterobacter_fetchngs/data/fastq/,stoe21_hos_ass_18031152,P07_Ehormaechei-c1_240825,SRX14183858_SRR18031152,Pub_data,0
/ptmp/mfenk/data/mf_2020_hap/batch1/raw/public_data/2023_12_Enterobacter_fetchngs/data/fastq/,stoe21_hos_ass_18031128,P07_Ehormaechei-c1_240825,SRX14183882_SRR18031128,Pub_data,0
/ptmp/mfenk/data/mf_2020_hap/batch1/raw/public_data/2023_12_Enterobacter_fetchngs/data/fastq/,stoe21_hos_ass_18031043,P07_Ehormaechei-c1_240825,SRX14183967_SRR18031043,Pub_data,0
/ptmp/mfenk/data/mf_2020_hap/batch1/raw/public_data/2023_12_Enterobacter_fetchngs/data/fastq/,stoe21_hos_ass_18031018,P07_Ehormaechei-c1_240825,SRX14183992_SRR18031018,Pub_data,0
/ptmp/mfenk/data/mf_2020_hap/batch1/raw/public_data/2023_12_Enterobacter_fetchngs/data/fastq/,stoe21_hos_ass_18031598,P07_Ehormaechei-c1_240825,SRX14184002_SRR18031598,Pub_data,0
/ptmp/mfenk/data/mf_2020_hap/batch1/raw/public_data/2023_12_Enterobacter_fetchngs/data/fastq/,stoe21_hos_ass_18031501,P07_Ehormaechei-c1_240825,SRX14184099_SRR18031501,Pub_data,0
/ptmp/mfenk/data/mf_2020_hap/batch1/raw/public_data/2023_12_Enterobacter_fetchngs/data/fastq/,stoe21_hos_ass_18031500,P07_Ehormaechei-c1_240825,SRX14184100_SRR18031500,Pub_data,0
/ptmp/mfenk/data/mf_2020_hap/batch1/raw/public_data/2023_12_Enterobacter_fetchngs/data/fastq/,stoe21_hos_ass_18031499,P07_Ehormaechei-c1_240825,SRX14184101_SRR18031499,Pub_data,0
/ptmp/mfenk/data/mf_2020_hap/batch1/raw/public_data/2023_12_Enterobacter_fetchngs/data/fastq/,stoe21_hos_ass_18031495,P07_Ehormaechei-c1_240825,SRX14184105_SRR18031495,Pub_data,0
/ptmp/mfenk/data/mf_2020_hap/batch1/raw/public_data/2023_12_Enterobacter_fetchngs/data/fastq/,stoe21_hos_ass_18031491,P07_Ehormaechei-c1_240825,SRX14184109_SRR18031491,Pub_data,0
/ptmp/mfenk/data/mf_2020_hap/batch1/raw/public_data/2023_12_Enterobacter_fetchngs/data/fastq/,stoe21_hos_ass_18031465,P07_Ehormaechei-c1_240825,SRX14184135_SRR18031465,Pub_data,0
/ptmp/mfenk/data/mf_2020_hap/batch1/raw/public_data/2023_12_Enterobacter_fetchngs/data/fastq/,stoe21_hos_ass_18031428,P07_Ehormaechei-c1_240825,SRX14184172_SRR18031428,Pub_data,0
/ptmp/mfenk/data/mf_2020_hap/batch1/raw/public_data/2023_12_Enterobacter_fetchngs/data/fastq/,stoe21_hos_ass_18031379,P07_Ehormaechei-c1_240825,SRX14184221_SRR18031379,Pub_data,0
/ptmp/mfenk/data/mf_2020_hap/batch1/raw/public_data/2023_12_Enterobacter_fetchngs/data/fastq/,stoe21_hos_ass_18031856,P07_Ehormaechei-c1_240825,SRX14184338_SRR18031856,Pub_data,0
/ptmp/mfenk/data/mf_2020_hap/batch1/raw/public_data/2023_12_Enterobacter_fetchngs/data/fastq/,stoe21_hos_ass_18031811,P07_Ehormaechei-c1_240825,SRX14184383_SRR18031811,Pub_data,0
/ptmp/mfenk/data/mf_2020_hap/batch1/raw/public_data/2023_12_Enterobacter_fetchngs/data/fastq/,stoe21_hos_ass_18031738,P07_Ehormaechei-c1_240825,SRX14184456_SRR18031738,Pub_data,0
/ptmp/mfenk/data/mf_2020_hap/batch1/raw/public_data/2023_12_Enterobacter_fetchngs/data/fastq/,stoe21_hos_ass_18031721,P07_Ehormaechei-c1_240825,SRX14184473_SRR18031721,Pub_data,0
/ptmp/mfenk/data/mf_2020_hap/batch1/raw/public_data/2023_12_Enterobacter_fetchngs/data/fastq/,stoe21_hos_ass_18031720,P07_Ehormaechei-c1_240825,SRX14184474_SRR18031720,Pub_data,0
/ptmp/mfenk/data/mf_2020_hap/batch1/raw/public_data/2023_12_Enterobacter_fetchngs/data/fastq/,stoe21_hos_ass_18031716,P07_Ehormaechei-c1_240825,SRX14184478_SRR18031716,Pub_data,0
/ptmp/mfenk/data/mf_2020_hap/batch1/raw/public_data/2023_12_Enterobacter_fetchngs/data/fastq/,stoe21_hos_ass_18031706,P07_Ehormaechei-c1_240825,SRX14184488_SRR18031706,Pub_data,0
/ptmp/mfenk/data/mf_2020_hap/batch1/raw/public_data/2023_12_Enterobacter_fetchngs/data/fastq/,stoe21_hos_ass_18031666,P07_Ehormaechei-c1_240825,SRX14184528_SRR18031666,Pub_data,0
/ptmp/mfenk/data/mf_2020_hap/batch1/raw/public_data/2023_12_Enterobacter_fetchngs/data/fastq/,stoe21_hos_ass_18031664,P07_Ehormaechei-c1_240825,SRX14184530_SRR18031664,Pub_data,0
/ptmp/mfenk/data/mf_2020_hap/batch1/raw/public_data/2023_12_Enterobacter_fetchngs/data/fastq/,stoe21_hos_ass_18031656,P07_Ehormaechei-c1_240825,SRX14184538_SRR18031656,Pub_data,0
/ptmp/mfenk/data/mf_2020_hap/batch1/raw/public_data/2023_12_Enterobacter_fetchngs/data/fastq/,stoe21_hos_ass_18031642,P07_Ehormaechei-c1_240825,SRX14184552_SRR18031642,Pub_data,0
/ptmp/mfenk/data/mf_2020_hap/batch1/raw/public_data/2023_12_Enterobacter_fetchngs/data/fastq/,stoe21_hos_ass_18032179,P07_Ehormaechei-c1_240825,SRX14184607_SRR18032179,Pub_data,0
/ptmp/mfenk/data/mf_2020_hap/batch1/raw/public_data/2023_12_Enterobacter_fetchngs/data/fastq/,stoe21_hos_ass_18032129,P07_Ehormaechei-c1_240825,SRX14184657_SRR18032129,Pub_data,0
/ptmp/mfenk/data/mf_2020_hap/batch1/raw/public_data/2023_12_Enterobacter_fetchngs/data/fastq/,stoe21_hos_ass_18032106,P07_Ehormaechei-c1_240825,SRX14184680_SRR18032106,Pub_data,0
/ptmp/mfenk/data/mf_2020_hap/batch1/raw/public_data/2023_12_Enterobacter_fetchngs/data/fastq/,stoe21_hos_ass_18032081,P07_Ehormaechei-c1_240825,SRX14184705_SRR18032081,Pub_data,0
/ptmp/mfenk/data/mf_2020_hap/batch1/raw/public_data/2023_12_Enterobacter_fetchngs/data/fastq/,stoe21_hos_ass_18032079,P07_Ehormaechei-c1_240825,SRX14184707_SRR18032079,Pub_data,0
/ptmp/mfenk/data/mf_2020_hap/batch1/raw/public_data/2023_12_Enterobacter_fetchngs/data/fastq/,stoe21_hos_ass_18032051,P07_Ehormaechei-c1_240825,SRX14184735_SRR18032051,Pub_data,0
/ptmp/mfenk/data/mf_2020_hap/batch1/raw/public_data/2023_12_Enterobacter_fetchngs/data/fastq/,stoe21_hos_ass_18031995,P07_Ehormaechei-c1_240825,SRX14184791_SRR18031995,Pub_data,0
/ptmp/mfenk/data/mf_2020_hap/batch1/raw/public_data/2023_12_Enterobacter_fetchngs/data/fastq/,stoe21_hos_ass_18031990,P07_Ehormaechei-c1_240825,SRX14184796_SRR18031990,Pub_data,0
/ptmp/mfenk/data/mf_2020_hap/batch1/raw/public_data/2023_12_Enterobacter_fetchngs/data/fastq/,stoe21_hos_ass_18031932,P07_Ehormaechei-c1_240825,SRX14184854_SRR18031932,Pub_data,0
/ptmp/mfenk/data/mf_2020_hap/batch1/raw/public_data/2023_12_Enterobacter_fetchngs/data/fastq/,stoe21_hos_ass_18031901,P07_Ehormaechei-c1_240825,SRX14184885_SRR18031901,Pub_data,0
/ptmp/mfenk/data/mf_2020_hap/batch1/raw/public_data/2023_12_Enterobacter_fetchngs/data/fastq/,stoe21_hos_ass_18032416,P07_Ehormaechei-c1_240825,SRX14184962_SRR18032416,Pub_data,0
/ptmp/mfenk/data/mf_2020_hap/batch1/raw/public_data/2023_12_Enterobacter_fetchngs/data/fastq/,stoe21_hos_ass_18032388,P07_Ehormaechei-c1_240825,SRX14184990_SRR18032388,Pub_data,0
/ptmp/mfenk/data/mf_2020_hap/batch1/raw/public_data/2023_12_Enterobacter_fetchngs/data/fastq/,stoe21_hos_ass_18032386,P07_Ehormaechei-c1_240825,SRX14184992_SRR18032386,Pub_data,0
/ptmp/mfenk/data/mf_2020_hap/batch1/raw/public_data/2023_12_Enterobacter_fetchngs/data/fastq/,stoe21_hos_ass_18032376,P07_Ehormaechei-c1_240825,SRX14185002_SRR18032376,Pub_data,0
/ptmp/mfenk/data/mf_2020_hap/batch1/raw/public_data/2023_12_Enterobacter_fetchngs/data/fastq/,stoe21_hos_ass_18032357,P07_Ehormaechei-c1_240825,SRX14185021_SRR18032357,Pub_data,0
/ptmp/mfenk/data/mf_2020_hap/batch1/raw/public_data/2023_12_Enterobacter_fetchngs/data/fastq/,stoe21_hos_ass_18032354,P07_Ehormaechei-c1_240825,SRX14185024_SRR18032354,Pub_data,0
/ptmp/mfenk/data/mf_2020_hap/batch1/raw/public_data/2023_12_Enterobacter_fetchngs/data/fastq/,stoe21_hos_ass_18032329,P07_Ehormaechei-c1_240825,SRX14185049_SRR18032329,Pub_data,0
/ptmp/mfenk/data/mf_2020_hap/batch1/raw/public_data/2023_12_Enterobacter_fetchngs/data/fastq/,stoe21_hos_ass_18032325,P07_Ehormaechei-c1_240825,SRX14185053_SRR18032325,Pub_data,0
/ptmp/mfenk/data/mf_2020_hap/batch1/raw/public_data/2023_12_Enterobacter_fetchngs/data/fastq/,stoe21_hos_ass_18032319,P07_Ehormaechei-c1_240825,SRX14185059_SRR18032319,Pub_data,0
/ptmp/mfenk/data/mf_2020_hap/batch1/raw/public_data/2023_12_Enterobacter_fetchngs/data/fastq/,stoe21_hos_ass_18032311,P07_Ehormaechei-c1_240825,SRX14185067_SRR18032311,Pub_data,0
/ptmp/mfenk/data/mf_2020_hap/batch1/raw/public_data/2023_12_Enterobacter_fetchngs/data/fastq/,stoe21_hos_ass_18032285,P07_Ehormaechei-c1_240825,SRX14185093_SRR18032285,Pub_data,0
/ptmp/mfenk/data/mf_2020_hap/batch1/raw/public_data/2023_12_Enterobacter_fetchngs/data/fastq/,stoe21_hos_ass_18032269,P07_Ehormaechei-c1_240825,SRX14185109_SRR18032269,Pub_data,0
/ptmp/mfenk/data/mf_2020_hap/batch1/raw/public_data/2023_12_Enterobacter_fetchngs/data/fastq/,stoe21_hos_ass_18032239,P07_Ehormaechei-c1_240825,SRX14185139_SRR18032239,Pub_data,0
/ptmp/mfenk/data/mf_2020_hap/batch1/raw/public_data/2023_12_Enterobacter_fetchngs/data/fastq/,stoe21_hos_ass_18032203,P07_Ehormaechei-c1_240825,SRX14185175_SRR18032203,Pub_data,0
/ptmp/mfenk/data/mf_2020_hap/batch1/raw/public_data/2023_12_Enterobacter_fetchngs/data/fastq/,stoe21_hos_ass_18032200,P07_Ehormaechei-c1_240825,SRX14185178_SRR18032200,Pub_data,0
/ptmp/mfenk/data/mf_2020_hap/batch1/raw/public_data/2023_12_Enterobacter_fetchngs/data/fastq/,cdc_eq_urine_18062994,P07_Ehormaechei-c1_240825,SRX14214706_SRR18062994,Pub_data,0
/ptmp/mfenk/data/mf_2020_hap/batch1/raw/public_data/2023_12_Enterobacter_fetchngs/data/fastq/,cdc_eq_rectum_18207502,P07_Ehormaechei-c1_240825,SRX14354065_SRR18207502,Pub_data,0
/ptmp/mfenk/data/mf_2020_hap/batch1/raw/public_data/2023_12_Enterobacter_fetchngs/data/fastq/,cdc_eq_lung_18207500,P07_Ehormaechei-c1_240825,SRX14354067_SRR18207500,Pub_data,0
/ptmp/mfenk/data/mf_2020_hap/batch1/raw/public_data/2023_12_Enterobacter_fetchngs/data/fastq/,cdc_eq_other_body_18207492,P07_Ehormaechei-c1_240825,SRX14354075_SRR18207492,Pub_data,0
/ptmp/mfenk/data/mf_2020_hap/batch1/raw/public_data/2023_12_Enterobacter_fetchngs/data/fastq/,cdc_eq_env_18207491,P07_Ehormaechei-c1_240825,SRX14354076_SRR18207491,Pub_data,0
/ptmp/mfenk/data/mf_2020_hap/batch1/raw/public_data/2023_12_Enterobacter_fetchngs/data/fastq/,chav16_other_2960074,P07_Ehormaechei-c1_240825,SRX1451796_SRR2960074,Pub_data,0
/ptmp/mfenk/data/mf_2020_hap/batch1/raw/public_data/2023_12_Enterobacter_fetchngs/data/fastq/,chav16_other_2960082,P07_Ehormaechei-c1_240825,SRX1451804_SRR2960082,Pub_data,0
/ptmp/mfenk/data/mf_2020_hap/batch1/raw/public_data/2023_12_Enterobacter_fetchngs/data/fastq/,chav16_other_2960142,P07_Ehormaechei-c1_240825,SRX1451861_SRR2960142,Pub_data,0
/ptmp/mfenk/data/mf_2020_hap/batch1/raw/public_data/2023_12_Enterobacter_fetchngs/data/fastq/,chav16_other_2960155,P07_Ehormaechei-c1_240825,SRX1451874_SRR2960155,Pub_data,0
/ptmp/mfenk/data/mf_2020_hap/batch1/raw/public_data/2023_12_Enterobacter_fetchngs/data/fastq/,cdc_eq_other_18465529,P07_Ehormaechei-c1_240825,SRX14597784_SRR18465529,Pub_data,0
/ptmp/mfenk/data/mf_2020_hap/batch1/raw/public_data/2023_12_Enterobacter_fetchngs/data/fastq/,cdc_eq_urine_18680422,P07_Ehormaechei-c1_240825,SRX14781540_SRR18680422,Pub_data,0
/ptmp/mfenk/data/mf_2020_hap/batch1/raw/public_data/2023_12_Enterobacter_fetchngs/data/fastq/,cdc_eq_urine_18733093,P07_Ehormaechei-c1_240825,SRX14833314_SRR18733093,Pub_data,0
/ptmp/mfenk/data/mf_2020_hap/batch1/raw/public_data/2023_12_Enterobacter_fetchngs/data/fastq/,cdc_eq_other_18837620,P07_Ehormaechei-c1_240825,SRX14935606_SRR18837620,Pub_data,0
/ptmp/mfenk/data/mf_2020_hap/batch1/raw/public_data/2023_12_Enterobacter_fetchngs/data/fastq/,cdc_eq_urine_18915628,P07_Ehormaechei-c1_240825,SRX14993577_SRR18915628,Pub_data,0
/ptmp/mfenk/data/mf_2020_hap/batch1/raw/public_data/2023_12_Enterobacter_fetchngs/data/fastq/,cdc_eq_urine_19034571,P07_Ehormaechei-c1_240825,SRX15106072_SRR19034571,Pub_data,0
/ptmp/mfenk/data/mf_2020_hap/batch1/raw/public_data/2023_12_Enterobacter_fetchngs/data/fastq/,cdc_eq_urine_19034561,P07_Ehormaechei-c1_240825,SRX15106082_SRR19034561,Pub_data,0
/ptmp/mfenk/data/mf_2020_hap/batch1/raw/public_data/2023_12_Enterobacter_fetchngs/data/fastq/,cdc_eq_other_19233877,P07_Ehormaechei-c1_240825,SRX15294676_SRR19233877,Pub_data,0
/ptmp/mfenk/data/mf_2020_hap/batch1/raw/public_data/2023_12_Enterobacter_fetchngs/data/fastq/,chav16_other_3100553,P07_Ehormaechei-c1_240825,SRX1530139_SRR3100553,Pub_data,0
/ptmp/mfenk/data/mf_2020_hap/batch1/raw/public_data/2023_12_Enterobacter_fetchngs/data/fastq/,chav16_other_body_3110102,P07_Ehormaechei-c1_240825,SRX1538572_SRR3110102,Pub_data,0
/ptmp/mfenk/data/mf_2020_hap/batch1/raw/public_data/2023_12_Enterobacter_fetchngs/data/fastq/,chav16_other_body_3110103,P07_Ehormaechei-c1_240825,SRX1538573_SRR3110103,Pub_data,0
/ptmp/mfenk/data/mf_2020_hap/batch1/raw/public_data/2023_12_Enterobacter_fetchngs/data/fastq/,chav16_other_body_3110104,P07_Ehormaechei-c1_240825,SRX1538574_SRR3110104,Pub_data,0
/ptmp/mfenk/data/mf_2020_hap/batch1/raw/public_data/2023_12_Enterobacter_fetchngs/data/fastq/,chav16_urine_3110106,P07_Ehormaechei-c1_240825,SRX1538576_SRR3110106,Pub_data,0
/ptmp/mfenk/data/mf_2020_hap/batch1/raw/public_data/2023_12_Enterobacter_fetchngs/data/fastq/,chav16_wound_3110113,P07_Ehormaechei-c1_240825,SRX1538583_SRR3110113,Pub_data,0
/ptmp/mfenk/data/mf_2020_hap/batch1/raw/public_data/2023_12_Enterobacter_fetchngs/data/fastq/,chav16_urine_3110114,P07_Ehormaechei-c1_240825,SRX1538584_SRR3110114,Pub_data,0
/ptmp/mfenk/data/mf_2020_hap/batch1/raw/public_data/2023_12_Enterobacter_fetchngs/data/fastq/,chav16_other_body_3110115,P07_Ehormaechei-c1_240825,SRX1538585_SRR3110115,Pub_data,0
/ptmp/mfenk/data/mf_2020_hap/batch1/raw/public_data/2023_12_Enterobacter_fetchngs/data/fastq/,cdc_eq_urine_19367876,P07_Ehormaechei-c1_240825,SRX15426397_SRR19367876,Pub_data,0
/ptmp/mfenk/data/mf_2020_hap/batch1/raw/public_data/2023_12_Enterobacter_fetchngs/data/fastq/,cdc_eq_urine_19419598,P07_Ehormaechei-c1_240825,SRX15473947_SRR19419598,Pub_data,0
/ptmp/mfenk/data/mf_2020_hap/batch1/raw/public_data/2023_12_Enterobacter_fetchngs/data/fastq/,cdc_eq_other_body_19421555,P07_Ehormaechei-c1_240825,SRX15475820_SRR19421555,Pub_data,0
/ptmp/mfenk/data/mf_2020_hap/batch1/raw/public_data/2023_12_Enterobacter_fetchngs/data/fastq/,cdc_eq_urine_19422975,P07_Ehormaechei-c1_240825,SRX15477243_SRR19422975,Pub_data,0
/ptmp/mfenk/data/mf_2020_hap/batch1/raw/public_data/2023_12_Enterobacter_fetchngs/data/fastq/,ford22_urine_19441666,P07_Ehormaechei-c1_240825,SRX15494691_SRR19441666,Pub_data,0
/ptmp/mfenk/data/mf_2020_hap/batch1/raw/public_data/2023_12_Enterobacter_fetchngs/data/fastq/,ford22_rectum_19441633,P07_Ehormaechei-c1_240825,SRX15494727_SRR19441633,Pub_data,0
/ptmp/mfenk/data/mf_2020_hap/batch1/raw/public_data/2023_12_Enterobacter_fetchngs/data/fastq/,ford22_rectum_19441498,P07_Ehormaechei-c1_240825,SRX15494856_SRR19441498,Pub_data,0
/ptmp/mfenk/data/mf_2020_hap/batch1/raw/public_data/2023_12_Enterobacter_fetchngs/data/fastq/,ford22_rectum_19442243,P07_Ehormaechei-c1_240825,SRX15495213_SRR19442243,Pub_data,0
/ptmp/mfenk/data/mf_2020_hap/batch1/raw/public_data/2023_12_Enterobacter_fetchngs/data/fastq/,ford22_rectum_19442238,P07_Ehormaechei-c1_240825,SRX15495222_SRR19442238,Pub_data,0
/ptmp/mfenk/data/mf_2020_hap/batch1/raw/public_data/2023_12_Enterobacter_fetchngs/data/fastq/,ford22_wound_19442112,P07_Ehormaechei-c1_240825,SRX15495346_SRR19442112,Pub_data,0
/ptmp/mfenk/data/mf_2020_hap/batch1/raw/public_data/2023_12_Enterobacter_fetchngs/data/fastq/,ford22_rectum_19442423,P07_Ehormaechei-c1_240825,SRX15495485_SRR19442423,Pub_data,0
/ptmp/mfenk/data/mf_2020_hap/batch1/raw/public_data/2023_12_Enterobacter_fetchngs/data/fastq/,ford22_env_19442406,P07_Ehormaechei-c1_240825,SRX15495502_SRR19442406,Pub_data,0
/ptmp/mfenk/data/mf_2020_hap/batch1/raw/public_data/2023_12_Enterobacter_fetchngs/data/fastq/,ford22_other_19442384,P07_Ehormaechei-c1_240825,SRX15495528_SRR19442384,Pub_data,0
/ptmp/mfenk/data/mf_2020_hap/batch1/raw/public_data/2023_12_Enterobacter_fetchngs/data/fastq/,ford22_other_19442380,P07_Ehormaechei-c1_240825,SRX15495529_SRR19442380,Pub_data,0
/ptmp/mfenk/data/mf_2020_hap/batch1/raw/public_data/2023_12_Enterobacter_fetchngs/data/fastq/,ford22_blood_19442378,P07_Ehormaechei-c1_240825,SRX15495531_SRR19442378,Pub_data,0
/ptmp/mfenk/data/mf_2020_hap/batch1/raw/public_data/2023_12_Enterobacter_fetchngs/data/fastq/,ford22_rectum_19442347,P07_Ehormaechei-c1_240825,SRX15495561_SRR19442347,Pub_data,0
/ptmp/mfenk/data/mf_2020_hap/batch1/raw/public_data/2023_12_Enterobacter_fetchngs/data/fastq/,ford22_urine_19442287,P07_Ehormaechei-c1_240825,SRX15495620_SRR19442287,Pub_data,0
/ptmp/mfenk/data/mf_2020_hap/batch1/raw/public_data/2023_12_Enterobacter_fetchngs/data/fastq/,ford22_rectum_19442570,P07_Ehormaechei-c1_240825,SRX15495792_SRR19442570,Pub_data,0
/ptmp/mfenk/data/mf_2020_hap/batch1/raw/public_data/2023_12_Enterobacter_fetchngs/data/fastq/,ford22_rectum_19442542,P07_Ehormaechei-c1_240825,SRX15495819_SRR19442542,Pub_data,0
/ptmp/mfenk/data/mf_2020_hap/batch1/raw/public_data/2023_12_Enterobacter_fetchngs/data/fastq/,ford22_rectum_19442745,P07_Ehormaechei-c1_240825,SRX15496073_SRR19442745,Pub_data,0
/ptmp/mfenk/data/mf_2020_hap/batch1/raw/public_data/2023_12_Enterobacter_fetchngs/data/fastq/,ford22_rectum_19442973,P07_Ehormaechei-c1_240825,SRX15496156_SRR19442973,Pub_data,0
/ptmp/mfenk/data/mf_2020_hap/batch1/raw/public_data/2023_12_Enterobacter_fetchngs/data/fastq/,cdc_eq_urine_19462090,P07_Ehormaechei-c1_240825,SRX15514930_SRR19462090,Pub_data,0
/ptmp/mfenk/data/mf_2020_hap/batch1/raw/public_data/2023_12_Enterobacter_fetchngs/data/fastq/,cdc_eq_urine_19537337,P07_Ehormaechei-c1_240825,SRX15589540_SRR19537337,Pub_data,0
/ptmp/mfenk/data/mf_2020_hap/batch1/raw/public_data/2023_12_Enterobacter_fetchngs/data/fastq/,ford22_rectum_19561144,P07_Ehormaechei-c1_240825,SRX15612978_SRR19561144,Pub_data,0
/ptmp/mfenk/data/mf_2020_hap/batch1/raw/public_data/2023_12_Enterobacter_fetchngs/data/fastq/,ford22_env_19561061,P07_Ehormaechei-c1_240825,SRX15613060_SRR19561061,Pub_data,0
/ptmp/mfenk/data/mf_2020_hap/batch1/raw/public_data/2023_12_Enterobacter_fetchngs/data/fastq/,ford22_urine_19561047,P07_Ehormaechei-c1_240825,SRX15613074_SRR19561047,Pub_data,0
/ptmp/mfenk/data/mf_2020_hap/batch1/raw/public_data/2023_12_Enterobacter_fetchngs/data/fastq/,ford22_rectum_19561043,P07_Ehormaechei-c1_240825,SRX15613079_SRR19561043,Pub_data,0
/ptmp/mfenk/data/mf_2020_hap/batch1/raw/public_data/2023_12_Enterobacter_fetchngs/data/fastq/,ford22_env_19561014,P07_Ehormaechei-c1_240825,SRX15613107_SRR19561014,Pub_data,0
/ptmp/mfenk/data/mf_2020_hap/batch1/raw/public_data/2023_12_Enterobacter_fetchngs/data/fastq/,ford22_env_19560996,P07_Ehormaechei-c1_240825,SRX15613126_SRR19560996,Pub_data,0
/ptmp/mfenk/data/mf_2020_hap/batch1/raw/public_data/2023_12_Enterobacter_fetchngs/data/fastq/,ford22_env_19560984,P07_Ehormaechei-c1_240825,SRX15613140_SRR19560984,Pub_data,0
/ptmp/mfenk/data/mf_2020_hap/batch1/raw/public_data/2023_12_Enterobacter_fetchngs/data/fastq/,ford22_env_19560961,P07_Ehormaechei-c1_240825,SRX15613165_SRR19560961,Pub_data,0
/ptmp/mfenk/data/mf_2020_hap/batch1/raw/public_data/2023_12_Enterobacter_fetchngs/data/fastq/,ford22_rectum_19561312,P07_Ehormaechei-c1_240825,SRX15613263_SRR19561312,Pub_data,0
/ptmp/mfenk/data/mf_2020_hap/batch1/raw/public_data/2023_12_Enterobacter_fetchngs/data/fastq/,ford22_rectum_19561309,P07_Ehormaechei-c1_240825,SRX15613265_SRR19561309,Pub_data,0
/ptmp/mfenk/data/mf_2020_hap/batch1/raw/public_data/2023_12_Enterobacter_fetchngs/data/fastq/,ford22_wound_19561205,P07_Ehormaechei-c1_240825,SRX15613369_SRR19561205,Pub_data,0
/ptmp/mfenk/data/mf_2020_hap/batch1/raw/public_data/2023_12_Enterobacter_fetchngs/data/fastq/,ford22_urine_19561165,P07_Ehormaechei-c1_240825,SRX15613410_SRR19561165,Pub_data,0
/ptmp/mfenk/data/mf_2020_hap/batch1/raw/public_data/2023_12_Enterobacter_fetchngs/data/fastq/,ford22_urine_19561595,P07_Ehormaechei-c1_240825,SRX15613430_SRR19561595,Pub_data,0
/ptmp/mfenk/data/mf_2020_hap/batch1/raw/public_data/2023_12_Enterobacter_fetchngs/data/fastq/,ford22_rectum_19561569,P07_Ehormaechei-c1_240825,SRX15613457_SRR19561569,Pub_data,0
/ptmp/mfenk/data/mf_2020_hap/batch1/raw/public_data/2023_12_Enterobacter_fetchngs/data/fastq/,ford22_rectum_19561519,P07_Ehormaechei-c1_240825,SRX15613511_SRR19561519,Pub_data,0
/ptmp/mfenk/data/mf_2020_hap/batch1/raw/public_data/2023_12_Enterobacter_fetchngs/data/fastq/,ford22_env_19561488,P07_Ehormaechei-c1_240825,SRX15613543_SRR19561488,Pub_data,0
/ptmp/mfenk/data/mf_2020_hap/batch1/raw/public_data/2023_12_Enterobacter_fetchngs/data/fastq/,ford22_urine_19561473,P07_Ehormaechei-c1_240825,SRX15613557_SRR19561473,Pub_data,0
/ptmp/mfenk/data/mf_2020_hap/batch1/raw/public_data/2023_12_Enterobacter_fetchngs/data/fastq/,ford22_other_body_19561469,P07_Ehormaechei-c1_240825,SRX15613560_SRR19561469,Pub_data,0
/ptmp/mfenk/data/mf_2020_hap/batch1/raw/public_data/2023_12_Enterobacter_fetchngs/data/fastq/,ford22_rectum_19561466,P07_Ehormaechei-c1_240825,SRX15613564_SRR19561466,Pub_data,0
/ptmp/mfenk/data/mf_2020_hap/batch1/raw/public_data/2023_12_Enterobacter_fetchngs/data/fastq/,ford22_env_19561459,P07_Ehormaechei-c1_240825,SRX15613570_SRR19561459,Pub_data,0
/ptmp/mfenk/data/mf_2020_hap/batch1/raw/public_data/2023_12_Enterobacter_fetchngs/data/fastq/,ford22_urine_19561451,P07_Ehormaechei-c1_240825,SRX15613578_SRR19561451,Pub_data,0
/ptmp/mfenk/data/mf_2020_hap/batch1/raw/public_data/2023_12_Enterobacter_fetchngs/data/fastq/,ford22_urine_19561397,P07_Ehormaechei-c1_240825,SRX15613631_SRR19561397,Pub_data,0
/ptmp/mfenk/data/mf_2020_hap/batch1/raw/public_data/2023_12_Enterobacter_fetchngs/data/fastq/,ford22_urine_19561808,P07_Ehormaechei-c1_240825,SRX15613667_SRR19561808,Pub_data,0
/ptmp/mfenk/data/mf_2020_hap/batch1/raw/public_data/2023_12_Enterobacter_fetchngs/data/fastq/,ford22_blood_19561734,P07_Ehormaechei-c1_240825,SRX15613741_SRR19561734,Pub_data,0
/ptmp/mfenk/data/mf_2020_hap/batch1/raw/public_data/2023_12_Enterobacter_fetchngs/data/fastq/,ford22_other_body_19561718,P07_Ehormaechei-c1_240825,SRX15613757_SRR19561718,Pub_data,0
/ptmp/mfenk/data/mf_2020_hap/batch1/raw/public_data/2023_12_Enterobacter_fetchngs/data/fastq/,ford22_urine_19561691,P07_Ehormaechei-c1_240825,SRX15613788_SRR19561691,Pub_data,0
/ptmp/mfenk/data/mf_2020_hap/batch1/raw/public_data/2023_12_Enterobacter_fetchngs/data/fastq/,ford22_lung_19561689,P07_Ehormaechei-c1_240825,SRX15613793_SRR19561689,Pub_data,0
/ptmp/mfenk/data/mf_2020_hap/batch1/raw/public_data/2023_12_Enterobacter_fetchngs/data/fastq/,ford22_urine_19561640,P07_Ehormaechei-c1_240825,SRX15613841_SRR19561640,Pub_data,0
/ptmp/mfenk/data/mf_2020_hap/batch1/raw/public_data/2023_12_Enterobacter_fetchngs/data/fastq/,ford22_urine_19561636,P07_Ehormaechei-c1_240825,SRX15613844_SRR19561636,Pub_data,0
/ptmp/mfenk/data/mf_2020_hap/batch1/raw/public_data/2023_12_Enterobacter_fetchngs/data/fastq/,ford22_rectum_19561893,P07_Ehormaechei-c1_240825,SRX15613909_SRR19561893,Pub_data,0
/ptmp/mfenk/data/mf_2020_hap/batch1/raw/public_data/2023_12_Enterobacter_fetchngs/data/fastq/,ford22_urine_19561869,P07_Ehormaechei-c1_240825,SRX15613932_SRR19561869,Pub_data,0
/ptmp/mfenk/data/mf_2020_hap/batch1/raw/public_data/2023_12_Enterobacter_fetchngs/data/fastq/,ford22_blood_19561865,P07_Ehormaechei-c1_240825,SRX15613935_SRR19561865,Pub_data,0
/ptmp/mfenk/data/mf_2020_hap/batch1/raw/public_data/2023_12_Enterobacter_fetchngs/data/fastq/,cdc_eq_urine_19572618,P07_Ehormaechei-c1_240825,SRX15624644_SRR19572618,Pub_data,0
/ptmp/mfenk/data/mf_2020_hap/batch1/raw/public_data/2023_12_Enterobacter_fetchngs/data/fastq/,cdc_eq_urine_19572613,P07_Ehormaechei-c1_240825,SRX15624649_SRR19572613,Pub_data,0
/ptmp/mfenk/data/mf_2020_hap/batch1/raw/public_data/2023_12_Enterobacter_fetchngs/data/fastq/,cdc_eq_urine_19573105,P07_Ehormaechei-c1_240825,SRX15625096_SRR19573105,Pub_data,0
/ptmp/mfenk/data/mf_2020_hap/batch1/raw/public_data/2023_12_Enterobacter_fetchngs/data/fastq/,cdc_eq_lung_19811732,P07_Ehormaechei-c1_240825,SRX15855583_SRR19811732,Pub_data,0
/ptmp/mfenk/data/mf_2020_hap/batch1/raw/public_data/2023_12_Enterobacter_fetchngs/data/fastq/,cdc_eq_other_20167221,P07_Ehormaechei-c1_240825,SRX16202258_SRR20167221,Pub_data,0
/ptmp/mfenk/data/mf_2020_hap/batch1/raw/public_data/2023_12_Enterobacter_fetchngs/data/fastq/,cdc_eq_urine_20203633,P07_Ehormaechei-c1_240825,SRX16238507_SRR20203633,Pub_data,0
/ptmp/mfenk/data/mf_2020_hap/batch1/raw/public_data/2023_12_Enterobacter_fetchngs/data/fastq/,cdc_eq_other_20227902,P07_Ehormaechei-c1_240825,SRX16261867_SRR20227902,Pub_data,0
/ptmp/mfenk/data/mf_2020_hap/batch1/raw/public_data/2023_12_Enterobacter_fetchngs/data/fastq/,cdc_eq_urine_20309031,P07_Ehormaechei-c1_240825,SRX16342329_SRR20309031,Pub_data,0
/ptmp/mfenk/data/mf_2020_hap/batch1/raw/public_data/2023_12_Enterobacter_fetchngs/data/fastq/,chav16_other_3290685,P07_Ehormaechei-c1_240825,SRX1660435_SRR3290685,Pub_data,0
/ptmp/mfenk/data/mf_2020_hap/batch1/raw/public_data/2023_12_Enterobacter_fetchngs/data/fastq/,chav16_other_3291418,P07_Ehormaechei-c1_240825,SRX1660909_SRR3291418,Pub_data,0
/ptmp/mfenk/data/mf_2020_hap/batch1/raw/public_data/2023_12_Enterobacter_fetchngs/data/fastq/,chav16_other_3291419,P07_Ehormaechei-c1_240825,SRX1660910_SRR3291419,Pub_data,0
/ptmp/mfenk/data/mf_2020_hap/batch1/raw/public_data/2023_12_Enterobacter_fetchngs/data/fastq/,cdc_eq_urine_20754197,P07_Ehormaechei-c1_240825,SRX16774429_SRR20754197,Pub_data,0
/ptmp/mfenk/data/mf_2020_hap/batch1/raw/public_data/2023_12_Enterobacter_fetchngs/data/fastq/,cdc_eq_wound_20755232,P07_Ehormaechei-c1_240825,SRX16775304_SRR20755232,Pub_data,0
/ptmp/mfenk/data/mf_2020_hap/batch1/raw/public_data/2023_12_Enterobacter_fetchngs/data/fastq/,cdc_eq_urine_21144668,P07_Ehormaechei-c1_240825,SRX17156670_SRR21144668,Pub_data,0
/ptmp/mfenk/data/mf_2020_hap/batch1/raw/public_data/2023_12_Enterobacter_fetchngs/data/fastq/,cdc_eq_rectum_21201073,P07_Ehormaechei-c1_240825,SRX17212057_SRR21201073,Pub_data,0
/ptmp/mfenk/data/mf_2020_hap/batch1/raw/public_data/2023_12_Enterobacter_fetchngs/data/fastq/,cdc_eq_urine_21201064,P07_Ehormaechei-c1_240825,SRX17212066_SRR21201064,Pub_data,0
/ptmp/mfenk/data/mf_2020_hap/batch1/raw/public_data/2023_12_Enterobacter_fetchngs/data/fastq/,cdc_eq_rectum_21418926,P07_Ehormaechei-c1_240825,SRX17423254_SRR21418926,Pub_data,0
/ptmp/mfenk/data/mf_2020_hap/batch1/raw/public_data/2023_12_Enterobacter_fetchngs/data/fastq/,cdc_eq_urine_21418912,P07_Ehormaechei-c1_240825,SRX17423268_SRR21418912,Pub_data,0
/ptmp/mfenk/data/mf_2020_hap/batch1/raw/public_data/2023_12_Enterobacter_fetchngs/data/fastq/,cdc_eq_urine_21621874,P07_Ehormaechei-c1_240825,SRX17622743_SRR21621874,Pub_data,0
/ptmp/mfenk/data/mf_2020_hap/batch1/raw/public_data/2023_12_Enterobacter_fetchngs/data/fastq/,cdc_eq_urine_21765125,P07_Ehormaechei-c1_240825,SRX17760234_SRR21765125,Pub_data,0
/ptmp/mfenk/data/mf_2020_hap/batch1/raw/public_data/2023_12_Enterobacter_fetchngs/data/fastq/,cdc_eq_lung_21839697,P07_Ehormaechei-c1_240825,SRX17828482_SRR21839697,Pub_data,0
/ptmp/mfenk/data/mf_2020_hap/batch1/raw/public_data/2023_12_Enterobacter_fetchngs/data/fastq/,cdc_eq_urine_21870288,P07_Ehormaechei-c1_240825,SRX17857456_SRR21870288,Pub_data,0
/ptmp/mfenk/data/mf_2020_hap/batch1/raw/public_data/2023_12_Enterobacter_fetchngs/data/fastq/,cdc_eq_other_body_21875464,P07_Ehormaechei-c1_240825,SRX17862569_SRR21875464,Pub_data,0
/ptmp/mfenk/data/mf_2020_hap/batch1/raw/public_data/2023_12_Enterobacter_fetchngs/data/fastq/,cdc_eq_urine_21875462,P07_Ehormaechei-c1_240825,SRX17862571_SRR21875462,Pub_data,0
/ptmp/mfenk/data/mf_2020_hap/batch1/raw/public_data/2023_12_Enterobacter_fetchngs/data/fastq/,cdc_eq_urine_21875454,P07_Ehormaechei-c1_240825,SRX17862579_SRR21875454,Pub_data,0
/ptmp/mfenk/data/mf_2020_hap/batch1/raw/public_data/2023_12_Enterobacter_fetchngs/data/fastq/,cdc_eq_urine_21882302,P07_Ehormaechei-c1_240825,SRX17869340_SRR21882302,Pub_data,0
/ptmp/mfenk/data/mf_2020_hap/batch1/raw/public_data/2023_12_Enterobacter_fetchngs/data/fastq/,cdc_eq_urine_21948710,P07_Ehormaechei-c1_240825,SRX17932451_SRR21948710,Pub_data,0
/ptmp/mfenk/data/mf_2020_hap/batch1/raw/public_data/2023_12_Enterobacter_fetchngs/data/fastq/,cdc_eq_urine_22000409,P07_Ehormaechei-c1_240825,SRX17982799_SRR22000409,Pub_data,0
/ptmp/mfenk/data/mf_2020_hap/batch1/raw/public_data/2023_12_Enterobacter_fetchngs/data/fastq/,cdc_eq_urine_22047277,P07_Ehormaechei-c1_240825,SRX18028415_SRR22047277,Pub_data,0
/ptmp/mfenk/data/mf_2020_hap/batch1/raw/public_data/2023_12_Enterobacter_fetchngs/data/fastq/,cdc_eq_urine_22225340,P07_Ehormaechei-c1_240825,SRX18202990_SRR22225340,Pub_data,0
/ptmp/mfenk/data/mf_2020_hap/batch1/raw/public_data/2023_12_Enterobacter_fetchngs/data/fastq/,cdc_eq_lung_22299938,P07_Ehormaechei-c1_240825,SRX18273789_SRR22299938,Pub_data,0
/ptmp/mfenk/data/mf_2020_hap/batch1/raw/public_data/2023_12_Enterobacter_fetchngs/data/fastq/,cdc_eq_urine_22299937,P07_Ehormaechei-c1_240825,SRX18273790_SRR22299937,Pub_data,0
/ptmp/mfenk/data/mf_2020_hap/batch1/raw/public_data/2023_12_Enterobacter_fetchngs/data/fastq/,cdc_eq_other_22299936,P07_Ehormaechei-c1_240825,SRX18273791_SRR22299936,Pub_data,0
/ptmp/mfenk/data/mf_2020_hap/batch1/raw/public_data/2023_12_Enterobacter_fetchngs/data/fastq/,cdc_eq_lung_22312316,P07_Ehormaechei-c1_240825,SRX18285821_SRR22312316,Pub_data,0
/ptmp/mfenk/data/mf_2020_hap/batch1/raw/public_data/2023_12_Enterobacter_fetchngs/data/fastq/,cdc_eq_lung_22329330,P07_Ehormaechei-c1_240825,SRX18302344_SRR22329330,Pub_data,0
/ptmp/mfenk/data/mf_2020_hap/batch1/raw/public_data/2023_12_Enterobacter_fetchngs/data/fastq/,cdc_eq_other_22398221,P07_Ehormaechei-c1_240825,SRX18367932_SRR22398221,Pub_data,0
/ptmp/mfenk/data/mf_2020_hap/batch1/raw/public_data/2023_12_Enterobacter_fetchngs/data/fastq/,cdc_eq_wound_22586552,P07_Ehormaechei-c1_240825,SRX18549548_SRR22586552,Pub_data,0
/ptmp/mfenk/data/mf_2020_hap/batch1/raw/public_data/2023_12_Enterobacter_fetchngs/data/fastq/,cdc_eq_urine_22710450,P07_Ehormaechei-c1_240825,SRX18672255_SRR22710450,Pub_data,0
/ptmp/mfenk/data/mf_2020_hap/batch1/raw/public_data/2023_12_Enterobacter_fetchngs/data/fastq/,cdc_eq_other_22880818,P07_Ehormaechei-c1_240825,SRX18839354_SRR22880818,Pub_data,0
/ptmp/mfenk/data/mf_2020_hap/batch1/raw/public_data/2023_12_Enterobacter_fetchngs/data/fastq/,cdc_eq_urine_23078132,P07_Ehormaechei-c1_240825,SRX19031095_SRR23078132,Pub_data,0
/ptmp/mfenk/data/mf_2020_hap/batch1/raw/public_data/2023_12_Enterobacter_fetchngs/data/fastq/,cdc_eq_lung_23132844,P07_Ehormaechei-c1_240825,SRX19083729_SRR23132844,Pub_data,0
/ptmp/mfenk/data/mf_2020_hap/batch1/raw/public_data/2023_12_Enterobacter_fetchngs/data/fastq/,cdc_eq_blood_23232352,P07_Ehormaechei-c1_240825,SRX19178727_SRR23232352,Pub_data,0
/ptmp/mfenk/data/mf_2020_hap/batch1/raw/public_data/2023_12_Enterobacter_fetchngs/data/fastq/,cdc_eq_urine_23291886,P07_Ehormaechei-c1_240825,SRX19235120_SRR23291886,Pub_data,0
/ptmp/mfenk/data/mf_2020_hap/batch1/raw/public_data/2023_12_Enterobacter_fetchngs/data/fastq/,cdc_eq_lung_23301031,P07_Ehormaechei-c1_240825,SRX19244082_SRR23301031,Pub_data,0
/ptmp/mfenk/data/mf_2020_hap/batch1/raw/public_data/2023_12_Enterobacter_fetchngs/data/fastq/,cdc_eq_lung_23458985,P07_Ehormaechei-c1_240825,SRX19367918_SRR23458985,Pub_data,0
/ptmp/mfenk/data/mf_2020_hap/batch1/raw/public_data/2023_12_Enterobacter_fetchngs/data/fastq/,cdc_eq_urine_23458996,P07_Ehormaechei-c1_240825,SRX19367932_SRR23458996,Pub_data,0
/ptmp/mfenk/data/mf_2020_hap/batch1/raw/public_data/2023_12_Enterobacter_fetchngs/data/fastq/,cdc_eq_urine_23476190,P07_Ehormaechei-c1_240825,SRX19379188_SRR23476190,Pub_data,0
/ptmp/mfenk/data/mf_2020_hap/batch1/raw/public_data/2023_12_Enterobacter_fetchngs/data/fastq/,cdc_eq_urine_23476189,P07_Ehormaechei-c1_240825,SRX19379189_SRR23476189,Pub_data,0
/ptmp/mfenk/data/mf_2020_hap/batch1/raw/public_data/2023_12_Enterobacter_fetchngs/data/fastq/,cdc_eq_wound_23615067,P07_Ehormaechei-c1_240825,SRX19499615_SRR23615067,Pub_data,0
/ptmp/mfenk/data/mf_2020_hap/batch1/raw/public_data/2023_12_Enterobacter_fetchngs/data/fastq/,cdc_eq_urine_23675062,P07_Ehormaechei-c1_240825,SRX19537977_SRR23675062,Pub_data,0
/ptmp/mfenk/data/mf_2020_hap/batch1/raw/public_data/2023_12_Enterobacter_fetchngs/data/fastq/,cdc_eq_urine_23711532,P07_Ehormaechei-c1_240825,SRX19572980_SRR23711532,Pub_data,0
/ptmp/mfenk/data/mf_2020_hap/batch1/raw/public_data/2023_12_Enterobacter_fetchngs/data/fastq/,cdc_eq_lung_23724324,P07_Ehormaechei-c1_240825,SRX19584983_SRR23724324,Pub_data,0
/ptmp/mfenk/data/mf_2020_hap/batch1/raw/public_data/2023_12_Enterobacter_fetchngs/data/fastq/,cdc_eq_urine_23800735,P07_Ehormaechei-c1_240825,SRX19632802_SRR23800735,Pub_data,0
/ptmp/mfenk/data/mf_2020_hap/batch1/raw/public_data/2023_12_Enterobacter_fetchngs/data/fastq/,cdc_eq_other_23800728,P07_Ehormaechei-c1_240825,SRX19632809_SRR23800728,Pub_data,0
/ptmp/mfenk/data/mf_2020_hap/batch1/raw/public_data/2023_12_Enterobacter_fetchngs/data/fastq/,cdc_eq_urine_23886415,P07_Ehormaechei-c1_240825,SRX19698246_SRR23886415,Pub_data,0
/ptmp/mfenk/data/mf_2020_hap/batch1/raw/public_data/2023_12_Enterobacter_fetchngs/data/fastq/,cdc_eq_other_23886431,P07_Ehormaechei-c1_240825,SRX19698263_SRR23886431,Pub_data,0
/ptmp/mfenk/data/mf_2020_hap/batch1/raw/public_data/2023_12_Enterobacter_fetchngs/data/fastq/,cdc_eq_rectum_23937788,P07_Ehormaechei-c1_240825,SRX19747163_SRR23937788,Pub_data,0
/ptmp/mfenk/data/mf_2020_hap/batch1/raw/public_data/2023_12_Enterobacter_fetchngs/data/fastq/,cdc_eq_lung_23957785,P07_Ehormaechei-c1_240825,SRX19766507_SRR23957785,Pub_data,0
/ptmp/mfenk/data/mf_2020_hap/batch1/raw/public_data/2023_12_Enterobacter_fetchngs/data/fastq/,cdc_eq_lung_23993266,P07_Ehormaechei-c1_240825,SRX19796829_SRR23993266,Pub_data,0
/ptmp/mfenk/data/mf_2020_hap/batch1/raw/public_data/2023_12_Enterobacter_fetchngs/data/fastq/,cdc_eq_wound_24007555,P07_Ehormaechei-c1_240825,SRX19810911_SRR24007555,Pub_data,0
/ptmp/mfenk/data/mf_2020_hap/batch1/raw/public_data/2023_12_Enterobacter_fetchngs/data/fastq/,cdc_eq_other_24035480,P07_Ehormaechei-c1_240825,SRX19838106_SRR24035480,Pub_data,0
/ptmp/mfenk/data/mf_2020_hap/batch1/raw/public_data/2023_12_Enterobacter_fetchngs/data/fastq/,cdc_eq_urine_24035479,P07_Ehormaechei-c1_240825,SRX19838107_SRR24035479,Pub_data,0
/ptmp/mfenk/data/mf_2020_hap/batch1/raw/public_data/2023_12_Enterobacter_fetchngs/data/fastq/,cdc_eq_urine_24035472,P07_Ehormaechei-c1_240825,SRX19838114_SRR24035472,Pub_data,0
/ptmp/mfenk/data/mf_2020_hap/batch1/raw/public_data/2023_12_Enterobacter_fetchngs/data/fastq/,cdc_eq_urine_3982283,P07_Ehormaechei-c1_240825,SRX1986517_SRR3982283,Pub_data,0
/ptmp/mfenk/data/mf_2020_hap/batch1/raw/public_data/2023_12_Enterobacter_fetchngs/data/fastq/,cdc_eq_urine_24066631,P07_Ehormaechei-c1_240825,SRX19867843_SRR24066631,Pub_data,0
/ptmp/mfenk/data/mf_2020_hap/batch1/raw/public_data/2023_12_Enterobacter_fetchngs/data/fastq/,cdc_eq_wound_24099048,P07_Ehormaechei-c1_240825,SRX19899255_SRR24099048,Pub_data,0
/ptmp/mfenk/data/mf_2020_hap/batch1/raw/public_data/2023_12_Enterobacter_fetchngs/data/fastq/,cdc_eq_other_24100048,P07_Ehormaechei-c1_240825,SRX19900190_SRR24100048,Pub_data,0
/ptmp/mfenk/data/mf_2020_hap/batch1/raw/public_data/2023_12_Enterobacter_fetchngs/data/fastq/,cdc_eq_other_24100047,P07_Ehormaechei-c1_240825,SRX19900191_SRR24100047,Pub_data,0
/ptmp/mfenk/data/mf_2020_hap/batch1/raw/public_data/2023_12_Enterobacter_fetchngs/data/fastq/,cdc_eq_lung_24106033,P07_Ehormaechei-c1_240825,SRX19906159_SRR24106033,Pub_data,0
/ptmp/mfenk/data/mf_2020_hap/batch1/raw/public_data/2023_12_Enterobacter_fetchngs/data/fastq/,cdc_eq_wound_24146732,P07_Ehormaechei-c1_240825,SRX19945081_SRR24146732,Pub_data,0
/ptmp/mfenk/data/mf_2020_hap/batch1/raw/public_data/2023_12_Enterobacter_fetchngs/data/fastq/,cdc_eq_lung_24154815,P07_Ehormaechei-c1_240825,SRX19952889_SRR24154815,Pub_data,0
/ptmp/mfenk/data/mf_2020_hap/batch1/raw/public_data/2023_12_Enterobacter_fetchngs/data/fastq/,cdc_eq_other_body_24161630,P07_Ehormaechei-c1_240825,SRX19959635_SRR24161630,Pub_data,0
/ptmp/mfenk/data/mf_2020_hap/batch1/raw/public_data/2023_12_Enterobacter_fetchngs/data/fastq/,cdc_eq_other_body_24163199,P07_Ehormaechei-c1_240825,SRX19961212_SRR24163199,Pub_data,0
/ptmp/mfenk/data/mf_2020_hap/batch1/raw/public_data/2023_12_Enterobacter_fetchngs/data/fastq/,cdc_eq_blood_24174718,P07_Ehormaechei-c1_240825,SRX19972515_SRR24174718,Pub_data,0
/ptmp/mfenk/data/mf_2020_hap/batch1/raw/public_data/2023_12_Enterobacter_fetchngs/data/fastq/,cdc_eq_other_24174701,P07_Ehormaechei-c1_240825,SRX19972532_SRR24174701,Pub_data,0
/ptmp/mfenk/data/mf_2020_hap/batch1/raw/public_data/2023_12_Enterobacter_fetchngs/data/fastq/,cdc_eq_urine_24189367,P07_Ehormaechei-c1_240825,SRX19986803_SRR24189367,Pub_data,0
/ptmp/mfenk/data/mf_2020_hap/batch1/raw/public_data/2023_12_Enterobacter_fetchngs/data/fastq/,cdc_eq_urine_24202231,P07_Ehormaechei-c1_240825,SRX19998864_SRR24202231,Pub_data,0
/ptmp/mfenk/data/mf_2020_hap/batch1/raw/public_data/2023_12_Enterobacter_fetchngs/data/fastq/,cdc_eq_urine_24225058,P07_Ehormaechei-c1_240825,SRX20021429_SRR24225058,Pub_data,0
/ptmp/mfenk/data/mf_2020_hap/batch1/raw/public_data/2023_12_Enterobacter_fetchngs/data/fastq/,cdc_eq_rectum_24288721,P07_Ehormaechei-c1_240825,SRX20084167_SRR24288721,Pub_data,0
/ptmp/mfenk/data/mf_2020_hap/batch1/raw/public_data/2023_12_Enterobacter_fetchngs/data/fastq/,cdc_eq_urine_4017816,P07_Ehormaechei-c1_240825,SRX2011603_SRR4017816,Pub_data,0
/ptmp/mfenk/data/mf_2020_hap/batch1/raw/public_data/2023_12_Enterobacter_fetchngs/data/fastq/,cdc_eq_urine_24332251,P07_Ehormaechei-c1_240825,SRX20125104_SRR24332251,Pub_data,0
/ptmp/mfenk/data/mf_2020_hap/batch1/raw/public_data/2023_12_Enterobacter_fetchngs/data/fastq/,cdc_eq_urine_24332243,P07_Ehormaechei-c1_240825,SRX20125112_SRR24332243,Pub_data,0
/ptmp/mfenk/data/mf_2020_hap/batch1/raw/public_data/2023_12_Enterobacter_fetchngs/data/fastq/,cdc_eq_wound_24332232,P07_Ehormaechei-c1_240825,SRX20125123_SRR24332232,Pub_data,0
/ptmp/mfenk/data/mf_2020_hap/batch1/raw/public_data/2023_12_Enterobacter_fetchngs/data/fastq/,cdc_eq_urine_24334688,P07_Ehormaechei-c1_240825,SRX20127541_SRR24334688,Pub_data,0
/ptmp/mfenk/data/mf_2020_hap/batch1/raw/public_data/2023_12_Enterobacter_fetchngs/data/fastq/,cdc_eq_urine_24334687,P07_Ehormaechei-c1_240825,SRX20127542_SRR24334687,Pub_data,0
/ptmp/mfenk/data/mf_2020_hap/batch1/raw/public_data/2023_12_Enterobacter_fetchngs/data/fastq/,cdc_eq_other_24364428,P07_Ehormaechei-c1_240825,SRX20152793_SRR24364428,Pub_data,0
/ptmp/mfenk/data/mf_2020_hap/batch1/raw/public_data/2023_12_Enterobacter_fetchngs/data/fastq/,cdc_eq_urine_24401830,P07_Ehormaechei-c1_240825,SRX20189841_SRR24401830,Pub_data,0
/ptmp/mfenk/data/mf_2020_hap/batch1/raw/public_data/2023_12_Enterobacter_fetchngs/data/fastq/,cdc_eq_urine_24401829,P07_Ehormaechei-c1_240825,SRX20189842_SRR24401829,Pub_data,0
/ptmp/mfenk/data/mf_2020_hap/batch1/raw/public_data/2023_12_Enterobacter_fetchngs/data/fastq/,cdc_eq_lung_24446646,P07_Ehormaechei-c1_240825,SRX20233799_SRR24446646,Pub_data,0
/ptmp/mfenk/data/mf_2020_hap/batch1/raw/public_data/2023_12_Enterobacter_fetchngs/data/fastq/,cdc_eq_other_24466217,P07_Ehormaechei-c1_240825,SRX20252713_SRR24466217,Pub_data,0
/ptmp/mfenk/data/mf_2020_hap/batch1/raw/public_data/2023_12_Enterobacter_fetchngs/data/fastq/,cdc_eq_urine_24466215,P07_Ehormaechei-c1_240825,SRX20252715_SRR24466215,Pub_data,0
/ptmp/mfenk/data/mf_2020_hap/batch1/raw/public_data/2023_12_Enterobacter_fetchngs/data/fastq/,cdc_eq_urine_24466188,P07_Ehormaechei-c1_240825,SRX20252742_SRR24466188,Pub_data,0
/ptmp/mfenk/data/mf_2020_hap/batch1/raw/public_data/2023_12_Enterobacter_fetchngs/data/fastq/,cdc_eq_urine_24466173,P07_Ehormaechei-c1_240825,SRX20252757_SRR24466173,Pub_data,0
/ptmp/mfenk/data/mf_2020_hap/batch1/raw/public_data/2023_12_Enterobacter_fetchngs/data/fastq/,cdc_eq_urine_24466164,P07_Ehormaechei-c1_240825,SRX20252766_SRR24466164,Pub_data,0
/ptmp/mfenk/data/mf_2020_hap/batch1/raw/public_data/2023_12_Enterobacter_fetchngs/data/fastq/,cdc_eq_urine_24466090,P07_Ehormaechei-c1_240825,SRX20252840_SRR24466090,Pub_data,0
/ptmp/mfenk/data/mf_2020_hap/batch1/raw/public_data/2023_12_Enterobacter_fetchngs/data/fastq/,cdc_eq_urine_24466078,P07_Ehormaechei-c1_240825,SRX20252852_SRR24466078,Pub_data,0
/ptmp/mfenk/data/mf_2020_hap/batch1/raw/public_data/2023_12_Enterobacter_fetchngs/data/fastq/,cdc_eq_urine_24466076,P07_Ehormaechei-c1_240825,SRX20252854_SRR24466076,Pub_data,0
/ptmp/mfenk/data/mf_2020_hap/batch1/raw/public_data/2023_12_Enterobacter_fetchngs/data/fastq/,cdc_eq_urine_24466038,P07_Ehormaechei-c1_240825,SRX20252892_SRR24466038,Pub_data,0
/ptmp/mfenk/data/mf_2020_hap/batch1/raw/public_data/2023_12_Enterobacter_fetchngs/data/fastq/,cdc_eq_urine_24465997,P07_Ehormaechei-c1_240825,SRX20252933_SRR24465997,Pub_data,0
/ptmp/mfenk/data/mf_2020_hap/batch1/raw/public_data/2023_12_Enterobacter_fetchngs/data/fastq/,cdc_eq_urine_24465953,P07_Ehormaechei-c1_240825,SRX20252977_SRR24465953,Pub_data,0
/ptmp/mfenk/data/mf_2020_hap/batch1/raw/public_data/2023_12_Enterobacter_fetchngs/data/fastq/,cdc_eq_urine_4035127,P07_Ehormaechei-c1_240825,SRX2026403_SRR4035127,Pub_data,0
/ptmp/mfenk/data/mf_2020_hap/batch1/raw/public_data/2023_12_Enterobacter_fetchngs/data/fastq/,cdc_eq_urine_4035131,P07_Ehormaechei-c1_240825,SRX2026407_SRR4035131,Pub_data,0
/ptmp/mfenk/data/mf_2020_hap/batch1/raw/public_data/2023_12_Enterobacter_fetchngs/data/fastq/,cdc_eq_blood_24622548,P07_Ehormaechei-c1_240825,SRX20403270_SRR24622548,Pub_data,0
/ptmp/mfenk/data/mf_2020_hap/batch1/raw/public_data/2023_12_Enterobacter_fetchngs/data/fastq/,cdc_eq_urine_24622534,P07_Ehormaechei-c1_240825,SRX20403284_SRR24622534,Pub_data,0
/ptmp/mfenk/data/mf_2020_hap/batch1/raw/public_data/2023_12_Enterobacter_fetchngs/data/fastq/,cdc_eq_urine_24632460,P07_Ehormaechei-c1_240825,SRX20412745_SRR24632460,Pub_data,0
/ptmp/mfenk/data/mf_2020_hap/batch1/raw/public_data/2023_12_Enterobacter_fetchngs/data/fastq/,cdc_eq_other_24674566,P07_Ehormaechei-c1_240825,SRX20454147_SRR24674566,Pub_data,0
/ptmp/mfenk/data/mf_2020_hap/batch1/raw/public_data/2023_12_Enterobacter_fetchngs/data/fastq/,cdc_eq_lung_24749090,P07_Ehormaechei-c1_240825,SRX20525734_SRR24749090,Pub_data,0
/ptmp/mfenk/data/mf_2020_hap/batch1/raw/public_data/2023_12_Enterobacter_fetchngs/data/fastq/,cdc_eq_other_24749671,P07_Ehormaechei-c1_240825,SRX20525979_SRR24749671,Pub_data,0
/ptmp/mfenk/data/mf_2020_hap/batch1/raw/public_data/2023_12_Enterobacter_fetchngs/data/fastq/,cdc_eq_urine_4065674,P07_Ehormaechei-c1_240825,SRX2053988_SRR4065674,Pub_data,0
/ptmp/mfenk/data/mf_2020_hap/batch1/raw/public_data/2023_12_Enterobacter_fetchngs/data/fastq/,cdc_eq_urine_4065705,P07_Ehormaechei-c1_240825,SRX2054005_SRR4065705,Pub_data,0
/ptmp/mfenk/data/mf_2020_hap/batch1/raw/public_data/2023_12_Enterobacter_fetchngs/data/fastq/,cdc_eq_urine_24775148,P07_Ehormaechei-c1_240825,SRX20549898_SRR24775148,Pub_data,0
/ptmp/mfenk/data/mf_2020_hap/batch1/raw/public_data/2023_12_Enterobacter_fetchngs/data/fastq/,cdc_eq_urine_4069218,P07_Ehormaechei-c1_240825,SRX2055986_SRR4069218,Pub_data,0
/ptmp/mfenk/data/mf_2020_hap/batch1/raw/public_data/2023_12_Enterobacter_fetchngs/data/fastq/,cdc_eq_blood_24807627,P07_Ehormaechei-c1_240825,SRX20579814_SRR24807627,Pub_data,0
/ptmp/mfenk/data/mf_2020_hap/batch1/raw/public_data/2023_12_Enterobacter_fetchngs/data/fastq/,cdc_eq_other_24834377,P07_Ehormaechei-c1_240825,SRX20598792_SRR24834377,Pub_data,0
/ptmp/mfenk/data/mf_2020_hap/batch1/raw/public_data/2023_12_Enterobacter_fetchngs/data/fastq/,cdc_eq_other_25005733,P07_Ehormaechei-c1_240825,SRX20761379_SRR25005733,Pub_data,0
/ptmp/mfenk/data/mf_2020_hap/batch1/raw/public_data/2023_12_Enterobacter_fetchngs/data/fastq/,cdc_eq_other_25005716,P07_Ehormaechei-c1_240825,SRX20761396_SRR25005716,Pub_data,0
/ptmp/mfenk/data/mf_2020_hap/batch1/raw/public_data/2023_12_Enterobacter_fetchngs/data/fastq/,cdc_eq_urine_25109692,P07_Ehormaechei-c1_240825,SRX20862719_SRR25109692,Pub_data,0
/ptmp/mfenk/data/mf_2020_hap/batch1/raw/public_data/2023_12_Enterobacter_fetchngs/data/fastq/,cdc_eq_other_25176786,P07_Ehormaechei-c1_240825,SRX20924777_SRR25176786,Pub_data,0
/ptmp/mfenk/data/mf_2020_hap/batch1/raw/public_data/2023_12_Enterobacter_fetchngs/data/fastq/,cdc_eq_other_25176785,P07_Ehormaechei-c1_240825,SRX20924778_SRR25176785,Pub_data,0
/ptmp/mfenk/data/mf_2020_hap/batch1/raw/public_data/2023_12_Enterobacter_fetchngs/data/fastq/,cdc_eq_other_25176779,P07_Ehormaechei-c1_240825,SRX20924784_SRR25176779,Pub_data,0
/ptmp/mfenk/data/mf_2020_hap/batch1/raw/public_data/2023_12_Enterobacter_fetchngs/data/fastq/,cdc_eq_other_25176766,P07_Ehormaechei-c1_240825,SRX20924797_SRR25176766,Pub_data,0
/ptmp/mfenk/data/mf_2020_hap/batch1/raw/public_data/2023_12_Enterobacter_fetchngs/data/fastq/,cdc_eq_other_25176765,P07_Ehormaechei-c1_240825,SRX20924798_SRR25176765,Pub_data,0
/ptmp/mfenk/data/mf_2020_hap/batch1/raw/public_data/2023_12_Enterobacter_fetchngs/data/fastq/,cdc_eq_other_25176764,P07_Ehormaechei-c1_240825,SRX20924799_SRR25176764,Pub_data,0
/ptmp/mfenk/data/mf_2020_hap/batch1/raw/public_data/2023_12_Enterobacter_fetchngs/data/fastq/,cdc_eq_other_25176757,P07_Ehormaechei-c1_240825,SRX20924806_SRR25176757,Pub_data,0
/ptmp/mfenk/data/mf_2020_hap/batch1/raw/public_data/2023_12_Enterobacter_fetchngs/data/fastq/,cdc_eq_other_25176752,P07_Ehormaechei-c1_240825,SRX20924811_SRR25176752,Pub_data,0
/ptmp/mfenk/data/mf_2020_hap/batch1/raw/public_data/2023_12_Enterobacter_fetchngs/data/fastq/,cdc_eq_other_25176744,P07_Ehormaechei-c1_240825,SRX20924819_SRR25176744,Pub_data,0
/ptmp/mfenk/data/mf_2020_hap/batch1/raw/public_data/2023_12_Enterobacter_fetchngs/data/fastq/,cdc_eq_other_25176742,P07_Ehormaechei-c1_240825,SRX20924821_SRR25176742,Pub_data,0
/ptmp/mfenk/data/mf_2020_hap/batch1/raw/public_data/2023_12_Enterobacter_fetchngs/data/fastq/,cdc_eq_other_25176737,P07_Ehormaechei-c1_240825,SRX20924826_SRR25176737,Pub_data,0
/ptmp/mfenk/data/mf_2020_hap/batch1/raw/public_data/2023_12_Enterobacter_fetchngs/data/fastq/,cdc_eq_other_25176736,P07_Ehormaechei-c1_240825,SRX20924827_SRR25176736,Pub_data,0
/ptmp/mfenk/data/mf_2020_hap/batch1/raw/public_data/2023_12_Enterobacter_fetchngs/data/fastq/,cdc_eq_other_25176724,P07_Ehormaechei-c1_240825,SRX20924839_SRR25176724,Pub_data,0
/ptmp/mfenk/data/mf_2020_hap/batch1/raw/public_data/2023_12_Enterobacter_fetchngs/data/fastq/,cdc_eq_other_body_25259639,P07_Ehormaechei-c1_240825,SRX21005630_SRR25259639,Pub_data,0
/ptmp/mfenk/data/mf_2020_hap/batch1/raw/public_data/2023_12_Enterobacter_fetchngs/data/fastq/,cdc_eq_other_25288019,P07_Ehormaechei-c1_240825,SRX21031634_SRR25288019,Pub_data,0
/ptmp/mfenk/data/mf_2020_hap/batch1/raw/public_data/2023_12_Enterobacter_fetchngs/data/fastq/,cdc_eq_urine_25364812,P07_Ehormaechei-c1_240825,SRX21104146_SRR25364812,Pub_data,0
/ptmp/mfenk/data/mf_2020_hap/batch1/raw/public_data/2023_12_Enterobacter_fetchngs/data/fastq/,cdc_eq_hos_ass_25402093,P07_Ehormaechei-c1_240825,SRX21138377_SRR25402093,Pub_data,0
/ptmp/mfenk/data/mf_2020_hap/batch1/raw/public_data/2023_12_Enterobacter_fetchngs/data/fastq/,cdc_eq_urine_25450838,P07_Ehormaechei-c1_240825,SRX21183868_SRR25450838,Pub_data,0
/ptmp/mfenk/data/mf_2020_hap/batch1/raw/public_data/2023_12_Enterobacter_fetchngs/data/fastq/,cdc_eq_blood_25474699,P07_Ehormaechei-c1_240825,SRX21206929_SRR25474699,Pub_data,0
/ptmp/mfenk/data/mf_2020_hap/batch1/raw/public_data/2023_12_Enterobacter_fetchngs/data/fastq/,cdc_eq_other_25517247,P07_Ehormaechei-c1_240825,SRX21247505_SRR25517247,Pub_data,0
/ptmp/mfenk/data/mf_2020_hap/batch1/raw/public_data/2023_12_Enterobacter_fetchngs/data/fastq/,cdc_eq_urine_25655161,P07_Ehormaechei-c1_240825,SRX21381176_SRR25655161,Pub_data,0
/ptmp/mfenk/data/mf_2020_hap/batch1/raw/public_data/2023_12_Enterobacter_fetchngs/data/fastq/,cdc_eq_other_25658696,P07_Ehormaechei-c1_240825,SRX21384597_SRR25658696,Pub_data,0
/ptmp/mfenk/data/mf_2020_hap/batch1/raw/public_data/2023_12_Enterobacter_fetchngs/data/fastq/,cdc_eq_blood_25665291,P07_Ehormaechei-c1_240825,SRX21390923_SRR25665291,Pub_data,0
/ptmp/mfenk/data/mf_2020_hap/batch1/raw/public_data/2023_12_Enterobacter_fetchngs/data/fastq/,cdc_eq_rectum_25745720,P07_Ehormaechei-c1_240825,SRX21469040_SRR25745720,Pub_data,0
/ptmp/mfenk/data/mf_2020_hap/batch1/raw/public_data/2023_12_Enterobacter_fetchngs/data/fastq/,cdc_eq_hos_ass_25758484,P07_Ehormaechei-c1_240825,SRX21481416_SRR25758484,Pub_data,0
/ptmp/mfenk/data/mf_2020_hap/batch1/raw/public_data/2023_12_Enterobacter_fetchngs/data/fastq/,cdc_eq_hos_ass_25758481,P07_Ehormaechei-c1_240825,SRX21481419_SRR25758481,Pub_data,0
/ptmp/mfenk/data/mf_2020_hap/batch1/raw/public_data/2023_12_Enterobacter_fetchngs/data/fastq/,cdc_eq_blood_25775108,P07_Ehormaechei-c1_240825,SRX21497738_SRR25775108,Pub_data,0
/ptmp/mfenk/data/mf_2020_hap/batch1/raw/public_data/2023_12_Enterobacter_fetchngs/data/fastq/,cdc_eq_lung_25897526,P07_Ehormaechei-c1_240825,SRX21617877_SRR25897526,Pub_data,0
/ptmp/mfenk/data/mf_2020_hap/batch1/raw/public_data/2023_12_Enterobacter_fetchngs/data/fastq/,cdc_eq_urine_25925588,P07_Ehormaechei-c1_240825,SRX21645300_SRR25925588,Pub_data,0
/ptmp/mfenk/data/mf_2020_hap/batch1/raw/public_data/2023_12_Enterobacter_fetchngs/data/fastq/,cdc_eq_other_body_25932077,P07_Ehormaechei-c1_240825,SRX21650833_SRR25932077,Pub_data,0
/ptmp/mfenk/data/mf_2020_hap/batch1/raw/public_data/2023_12_Enterobacter_fetchngs/data/fastq/,cdc_eq_blood_25932030,P07_Ehormaechei-c1_240825,SRX21650880_SRR25932030,Pub_data,0
/ptmp/mfenk/data/mf_2020_hap/batch1/raw/public_data/2023_12_Enterobacter_fetchngs/data/fastq/,cdc_eq_other_25932003,P07_Ehormaechei-c1_240825,SRX21650907_SRR25932003,Pub_data,0
/ptmp/mfenk/data/mf_2020_hap/batch1/raw/public_data/2023_12_Enterobacter_fetchngs/data/fastq/,cdc_eq_urine_25932000,P07_Ehormaechei-c1_240825,SRX21650910_SRR25932000,Pub_data,0
/ptmp/mfenk/data/mf_2020_hap/batch1/raw/public_data/2023_12_Enterobacter_fetchngs/data/fastq/,cdc_eq_urine_25931870,P07_Ehormaechei-c1_240825,SRX21651040_SRR25931870,Pub_data,0
/ptmp/mfenk/data/mf_2020_hap/batch1/raw/public_data/2023_12_Enterobacter_fetchngs/data/fastq/,cdc_eq_urine_25940354,P07_Ehormaechei-c1_240825,SRX21659150_SRR25940354,Pub_data,0
/ptmp/mfenk/data/mf_2020_hap/batch1/raw/public_data/2023_12_Enterobacter_fetchngs/data/fastq/,cdc_eq_hos_ass_26208933,P07_Ehormaechei-c1_240825,SRX21919877_SRR26208933,Pub_data,0
/ptmp/mfenk/data/mf_2020_hap/batch1/raw/public_data/2023_12_Enterobacter_fetchngs/data/fastq/,cdc_eq_blood_26286140,P07_Ehormaechei-c1_240825,SRX21995046_SRR26286140,Pub_data,0
/ptmp/mfenk/data/mf_2020_hap/batch1/raw/public_data/2023_12_Enterobacter_fetchngs/data/fastq/,cdc_eq_wound_26369858,P07_Ehormaechei-c1_240825,SRX22076974_SRR26369858,Pub_data,0
/ptmp/mfenk/data/mf_2020_hap/batch1/raw/public_data/2023_12_Enterobacter_fetchngs/data/fastq/,cdc_eq_other_26371362,P07_Ehormaechei-c1_240825,SRX22078463_SRR26371362,Pub_data,0
/ptmp/mfenk/data/mf_2020_hap/batch1/raw/public_data/2023_12_Enterobacter_fetchngs/data/fastq/,cdc_eq_urine_26371314,P07_Ehormaechei-c1_240825,SRX22078511_SRR26371314,Pub_data,0
/ptmp/mfenk/data/mf_2020_hap/batch1/raw/public_data/2023_12_Enterobacter_fetchngs/data/fastq/,cdc_eq_blood_26395298,P07_Ehormaechei-c1_240825,SRX22101139_SRR26395298,Pub_data,0
/ptmp/mfenk/data/mf_2020_hap/batch1/raw/public_data/2023_12_Enterobacter_fetchngs/data/fastq/,cdc_eq_other_26499481,P07_Ehormaechei-c1_240825,SRX22203283_SRR26499481,Pub_data,0
/ptmp/mfenk/data/mf_2020_hap/batch1/raw/public_data/2023_12_Enterobacter_fetchngs/data/fastq/,cdc_eq_other_26499462,P07_Ehormaechei-c1_240825,SRX22203302_SRR26499462,Pub_data,0
/ptmp/mfenk/data/mf_2020_hap/batch1/raw/public_data/2023_12_Enterobacter_fetchngs/data/fastq/,cdc_eq_blood_26542850,P07_Ehormaechei-c1_240825,SRX22244773_SRR26542850,Pub_data,0
/ptmp/mfenk/data/mf_2020_hap/batch1/raw/public_data/2023_12_Enterobacter_fetchngs/data/fastq/,cdc_eq_other_26586334,P07_Ehormaechei-c1_240825,SRX22287596_SRR26586334,Pub_data,0
/ptmp/mfenk/data/mf_2020_hap/batch1/raw/public_data/2023_12_Enterobacter_fetchngs/data/fastq/,cdc_eq_lung_26595351,P07_Ehormaechei-c1_240825,SRX22296283_SRR26595351,Pub_data,0
/ptmp/mfenk/data/mf_2020_hap/batch1/raw/public_data/2023_12_Enterobacter_fetchngs/data/fastq/,cdc_eq_other_26629072,P07_Ehormaechei-c1_240825,SRX22329568_SRR26629072,Pub_data,0
/ptmp/mfenk/data/mf_2020_hap/batch1/raw/public_data/2023_12_Enterobacter_fetchngs/data/fastq/,cdc_eq_urine_5666599,P07_Ehormaechei-c1_240825,SRX2902013_SRR5666599,Pub_data,0
/ptmp/mfenk/data/mf_2020_hap/batch1/raw/public_data/2023_12_Enterobacter_fetchngs/data/fastq/,cdc_eq_urine_5666591,P07_Ehormaechei-c1_240825,SRX2902021_SRR5666591,Pub_data,0
/ptmp/mfenk/data/mf_2020_hap/batch1/raw/public_data/2023_12_Enterobacter_fetchngs/data/fastq/,cdc_eq_blood_5666576,P07_Ehormaechei-c1_240825,SRX2902036_SRR5666576,Pub_data,0
/ptmp/mfenk/data/mf_2020_hap/batch1/raw/public_data/2023_12_Enterobacter_fetchngs/data/fastq/,cdc_eq_urine_5666570,P07_Ehormaechei-c1_240825,SRX2902042_SRR5666570,Pub_data,0
/ptmp/mfenk/data/mf_2020_hap/batch1/raw/public_data/2023_12_Enterobacter_fetchngs/data/fastq/,cdc_eq_urine_5666524,P07_Ehormaechei-c1_240825,SRX2902088_SRR5666524,Pub_data,0
/ptmp/mfenk/data/mf_2020_hap/batch1/raw/public_data/2023_12_Enterobacter_fetchngs/data/fastq/,cdc_eq_urine_5666472,P07_Ehormaechei-c1_240825,SRX2902140_SRR5666472,Pub_data,0
/ptmp/mfenk/data/mf_2020_hap/batch1/raw/public_data/2023_12_Enterobacter_fetchngs/data/fastq/,cdc_eq_urine_5666464,P07_Ehormaechei-c1_240825,SRX2902148_SRR5666464,Pub_data,0
/ptmp/mfenk/data/mf_2020_hap/batch1/raw/public_data/2023_12_Enterobacter_fetchngs/data/fastq/,cdc_eq_urine_5666423,P07_Ehormaechei-c1_240825,SRX2902189_SRR5666423,Pub_data,0
/ptmp/mfenk/data/mf_2020_hap/batch1/raw/public_data/2023_12_Enterobacter_fetchngs/data/fastq/,cdc_eq_urine_10377176,P07_Ehormaechei-c1_240825,SRX7078365_SRR10377176,Pub_data,0
/ptmp/mfenk/data/mf_2020_hap/batch1/raw/public_data/2023_12_Enterobacter_fetchngs/data/fastq/,cdc_eq_urine_10377172,P07_Ehormaechei-c1_240825,SRX7078369_SRR10377172,Pub_data,0
/ptmp/mfenk/data/mf_2020_hap/batch1/raw/public_data/2023_12_Enterobacter_fetchngs/data/fastq/,cdc_eq_urine_10377169,P07_Ehormaechei-c1_240825,SRX7078372_SRR10377169,Pub_data,0
/ptmp/mfenk/data/mf_2020_hap/batch1/raw/public_data/2023_12_Enterobacter_fetchngs/data/fastq/,cdc_eq_urine_10377166,P07_Ehormaechei-c1_240825,SRX7078375_SRR10377166,Pub_data,0
/ptmp/mfenk/data/mf_2020_hap/batch1/raw/public_data/2023_12_Enterobacter_fetchngs/data/fastq/,cdc_eq_urine_10377155,P07_Ehormaechei-c1_240825,SRX7078386_SRR10377155,Pub_data,0
/ptmp/mfenk/data/mf_2020_hap/batch1/raw/public_data/2023_12_Enterobacter_fetchngs/data/fastq/,cdc_eq_urine_10377154,P07_Ehormaechei-c1_240825,SRX7078387_SRR10377154,Pub_data,0
/ptmp/mfenk/data/mf_2020_hap/batch1/raw/public_data/2023_12_Enterobacter_fetchngs/data/fastq/,cdc_eq_urine_10377105,P07_Ehormaechei-c1_240825,SRX7078436_SRR10377105,Pub_data,0
/ptmp/mfenk/data/mf_2020_hap/batch1/raw/public_data/2023_12_Enterobacter_fetchngs/data/fastq/,cdc_eq_urine_10377076,P07_Ehormaechei-c1_240825,SRX7078465_SRR10377076,Pub_data,0
/ptmp/mfenk/data/mf_2020_hap/batch1/raw/public_data/2023_12_Enterobacter_fetchngs/data/fastq/,cdc_eq_urine_10377074,P07_Ehormaechei-c1_240825,SRX7078467_SRR10377074,Pub_data,0
/ptmp/mfenk/data/mf_2020_hap/batch1/raw/public_data/2023_12_Enterobacter_fetchngs/data/fastq/,cdc_eq_urine_10377073,P07_Ehormaechei-c1_240825,SRX7078468_SRR10377073,Pub_data,0
/ptmp/mfenk/data/mf_2020_hap/batch1/raw/public_data/2023_12_Enterobacter_fetchngs/data/fastq/,cdc_eq_urine_10377070,P07_Ehormaechei-c1_240825,SRX7078471_SRR10377070,Pub_data,0
/ptmp/mfenk/data/mf_2020_hap/batch1/raw/public_data/2023_12_Enterobacter_fetchngs/data/fastq/,cdc_eq_blood_10377060,P07_Ehormaechei-c1_240825,SRX7078481_SRR10377060,Pub_data,0
/ptmp/mfenk/data/mf_2020_hap/batch1/raw/public_data/2023_12_Enterobacter_fetchngs/data/fastq/,cdc_eq_urine_10377042,P07_Ehormaechei-c1_240825,SRX7078499_SRR10377042,Pub_data,0
/ptmp/mfenk/data/mf_2020_hap/batch1/raw/public_data/2023_12_Enterobacter_fetchngs/data/fastq/,cdc_eq_urine_10377038,P07_Ehormaechei-c1_240825,SRX7078503_SRR10377038,Pub_data,0
/ptmp/mfenk/data/mf_2020_hap/batch1/raw/public_data/2023_12_Enterobacter_fetchngs/data/fastq/,cdc_eq_urine_10377032,P07_Ehormaechei-c1_240825,SRX7078509_SRR10377032,Pub_data,0
/ptmp/mfenk/data/mf_2020_hap/batch1/raw/public_data/2023_12_Enterobacter_fetchngs/data/fastq/,cdc_eq_blood_10377019,P07_Ehormaechei-c1_240825,SRX7078522_SRR10377019,Pub_data,0
/ptmp/mfenk/data/mf_2020_hap/batch1/raw/public_data/2023_12_Enterobacter_fetchngs/data/fastq/,cdc_eq_urine_10377013,P07_Ehormaechei-c1_240825,SRX7078528_SRR10377013,Pub_data,0
/ptmp/mfenk/data/mf_2020_hap/batch1/raw/public_data/2023_12_Enterobacter_fetchngs/data/fastq/,cdc_eq_blood_10377006,P07_Ehormaechei-c1_240825,SRX7078535_SRR10377006,Pub_data,0
/ptmp/mfenk/data/mf_2020_hap/batch1/raw/public_data/2023_12_Enterobacter_fetchngs/data/fastq/,cdc_eq_urine_10377005,P07_Ehormaechei-c1_240825,SRX7078536_SRR10377005,Pub_data,0
/ptmp/mfenk/data/mf_2020_hap/batch1/raw/public_data/2023_12_Enterobacter_fetchngs/data/fastq/,cdc_eq_urine_10376955,P07_Ehormaechei-c1_240825,SRX7078586_SRR10376955,Pub_data,0
/ptmp/mfenk/data/mf_2020_hap/batch1/raw/public_data/2023_12_Enterobacter_fetchngs/data/fastq/,chav16_other_body_1635676,P07_Ehormaechei-c1_240825,SRX748065_SRR1635676,Pub_data,0
/ptmp/mfenk/data/mf_2020_hap/batch1/raw/public_data/2023_12_Enterobacter_fetchngs/data/fastq/,cdc_eq_other_body_11193636,P07_Ehormaechei-c1_240825,SRX7813748_SRR11193636,Pub_data,0
/ptmp/mfenk/data/mf_2020_hap/batch1/raw/public_data/2023_12_Enterobacter_fetchngs/data/fastq/,cdc_eq_other_11725327,P07_Ehormaechei-c1_240825,SRX8284519_SRR11725327,Pub_data,0
/ptmp/mfenk/data/mf_2020_hap/batch1/raw/public_data/2023_12_Enterobacter_fetchngs/data/fastq/,cdc_eq_wound_12009614,P07_Ehormaechei-c1_240825,SRX8542324_SRR12009614,Pub_data,0
/ptmp/mfenk/data/mf_2020_hap/batch1/raw/public_data/2023_12_Enterobacter_fetchngs/data/fastq/,cdc_eq_urine_12009611,P07_Ehormaechei-c1_240825,SRX8542327_SRR12009611,Pub_data,0
/ptmp/mfenk/data/mf_2020_hap/batch1/raw/public_data/2023_12_Enterobacter_fetchngs/data/fastq/,cdc_eq_wound_12009597,P07_Ehormaechei-c1_240825,SRX8542341_SRR12009597,Pub_data,0
/ptmp/mfenk/data/mf_2020_hap/batch1/raw/public_data/2023_12_Enterobacter_fetchngs/data/fastq/,cdc_eq_urine_12274629,P07_Ehormaechei-c1_240825,SRX8779515_SRR12274629,Pub_data,0
/ptmp/mfenk/data/mf_2020_hap/batch1/raw/public_data/2023_12_Enterobacter_fetchngs/data/fastq/,cdc_eq_wound_12352150,P07_Ehormaechei-c1_240825,SRX8851674_SRR12352150,Pub_data,0
/ptmp/mfenk/data/mf_2020_hap/batch1/raw/public_data/2023_12_Enterobacter_fetchngs/data/fastq/,chav16_other_1817192,P07_Ehormaechei-c1_240825,SRX889601_SRR1817192,Pub_data,0
/ptmp/mfenk/data/mf_2020_hap/batch1/raw/public_data/2023_12_Enterobacter_fetchngs/data/fastq/,chav16_other_1817264,P07_Ehormaechei-c1_240825,SRX889666_SRR1817264,Pub_data,0
/ptmp/mfenk/data/mf_2020_hap/batch1/raw/public_data/2023_12_Enterobacter_fetchngs/data/fastq/,chav16_other_1817334,P07_Ehormaechei-c1_240825,SRX889686_SRR1817334,Pub_data,0
/ptmp/mfenk/data/mf_2020_hap/batch1/raw/public_data/2023_12_Enterobacter_fetchngs/data/fastq/,chav16_other_1817399,P07_Ehormaechei-c1_240825,SRX889722_SRR1817399,Pub_data,0
/ptmp/mfenk/data/mf_2020_hap/batch1/raw/public_data/2023_12_Enterobacter_fetchngs/data/fastq/,chav16_other_1817403,P07_Ehormaechei-c1_240825,SRX889727_SRR1817403,Pub_data,0
/ptmp/mfenk/data/mf_2020_hap/batch1/raw/public_data/2023_12_Enterobacter_fetchngs/data/fastq/,chav16_other_1817404,P07_Ehormaechei-c1_240825,SRX889728_SRR1817404,Pub_data,0
/ptmp/mfenk/data/mf_2020_hap/batch1/raw/public_data/2023_12_Enterobacter_fetchngs/data/fastq/,chav16_other_1817408,P07_Ehormaechei-c1_240825,SRX889736_SRR1817408,Pub_data,0
/ptmp/mfenk/data/mf_2020_hap/batch1/raw/public_data/2023_12_Enterobacter_fetchngs/data/fastq/,chav16_other_1817412,P07_Ehormaechei-c1_240825,SRX889741_SRR1817412,Pub_data,0
/ptmp/mfenk/data/mf_2020_hap/batch1/raw/public_data/2023_12_Enterobacter_fetchngs/data/fastq/,chav16_other_1817595,P07_Ehormaechei-c1_240825,SRX889811_SRR1817595,Pub_data,0
/ptmp/mfenk/data/mf_2020_hap/batch1/raw/public_data/2023_12_Enterobacter_fetchngs/data/fastq/,chav16_other_1817836,P07_Ehormaechei-c1_240825,SRX889913_SRR1817836,Pub_data,0
/ptmp/mfenk/data/mf_2020_hap/batch1/raw/public_data/2023_12_Enterobacter_fetchngs/data/fastq/,chav16_other_1818063,P07_Ehormaechei-c1_240825,SRX890040_SRR1818063,Pub_data,0
/ptmp/mfenk/data/mf_2020_hap/batch1/raw/public_data/2023_12_Enterobacter_fetchngs/data/fastq/,chav16_other_1818064,P07_Ehormaechei-c1_240825,SRX890041_SRR1818064,Pub_data,0
/ptmp/mfenk/data/mf_2020_hap/batch1/raw/public_data/2023_12_Enterobacter_fetchngs/data/fastq/,chav16_other_1820182,P07_Ehormaechei-c1_240825,SRX891882_SRR1820182,Pub_data,0
/ptmp/mfenk/data/mf_2020_hap/batch1/raw/public_data/2023_12_Enterobacter_fetchngs/data/fastq/,chav16_other_1820698,P07_Ehormaechei-c1_240825,SRX892373_SRR1820698,Pub_data,0
/ptmp/mfenk/data/mf_2020_hap/batch1/raw/public_data/2023_12_Enterobacter_fetchngs/data/fastq/,chav16_other_1820712,P07_Ehormaechei-c1_240825,SRX892385_SRR1820712,Pub_data,0
/ptmp/mfenk/data/mf_2020_hap/batch1/raw/public_data/2023_12_Enterobacter_fetchngs/data/fastq/,van_20_urine_12508596,P07_Ehormaechei-c1_240825,SRX8999339_SRR12508596,Pub_data,0
/ptmp/mfenk/data/mf_2020_hap/batch1/raw/public_data/2023_12_Enterobacter_fetchngs/data/fastq/,van_20_lung_12508586,P07_Ehormaechei-c1_240825,SRX8999349_SRR12508586,Pub_data,0
/ptmp/mfenk/data/mf_2020_hap/batch1/raw/public_data/2023_12_Enterobacter_fetchngs/data/fastq/,van_20_wound_12508577,P07_Ehormaechei-c1_240825,SRX8999358_SRR12508577,Pub_data,0
/ptmp/mfenk/data/mf_2020_hap/batch1/raw/public_data/2023_12_Enterobacter_fetchngs/data/fastq/,van_20_lung_12508923,P07_Ehormaechei-c1_240825,SRX8999386_SRR12508923,Pub_data,0
/ptmp/mfenk/data/mf_2020_hap/batch1/raw/public_data/2023_12_Enterobacter_fetchngs/data/fastq/,van_20_wound_12508922,P07_Ehormaechei-c1_240825,SRX8999387_SRR12508922,Pub_data,0
/ptmp/mfenk/data/mf_2020_hap/batch1/raw/public_data/2023_12_Enterobacter_fetchngs/data/fastq/,van_20_wound_12508904,P07_Ehormaechei-c1_240825,SRX8999405_SRR12508904,Pub_data,0
/ptmp/mfenk/data/mf_2020_hap/batch1/raw/public_data/2023_12_Enterobacter_fetchngs/data/fastq/,van_20_lung_12508890,P07_Ehormaechei-c1_240825,SRX8999419_SRR12508890,Pub_data,0
/ptmp/mfenk/data/mf_2020_hap/batch1/raw/public_data/2023_12_Enterobacter_fetchngs/data/fastq/,van_20_other_12508825,P07_Ehormaechei-c1_240825,SRX8999483_SRR12508825,Pub_data,0
/ptmp/mfenk/data/mf_2020_hap/batch1/raw/public_data/2023_12_Enterobacter_fetchngs/data/fastq/,van_20_urine_12508819,P07_Ehormaechei-c1_240825,SRX8999489_SRR12508819,Pub_data,0
/ptmp/mfenk/data/mf_2020_hap/batch1/raw/public_data/2023_12_Enterobacter_fetchngs/data/fastq/,van_20_wound_12508764,P07_Ehormaechei-c1_240825,SRX8999544_SRR12508764,Pub_data,0
/ptmp/mfenk/data/mf_2020_hap/batch1/raw/public_data/2023_12_Enterobacter_fetchngs/data/fastq/,van_20_lung_12508757,P07_Ehormaechei-c1_240825,SRX8999551_SRR12508757,Pub_data,0
/ptmp/mfenk/data/mf_2020_hap/batch1/raw/public_data/2023_12_Enterobacter_fetchngs/data/fastq/,van_20_wound_12508753,P07_Ehormaechei-c1_240825,SRX8999555_SRR12508753,Pub_data,0
/ptmp/mfenk/data/mf_2020_hap/batch1/raw/public_data/2023_12_Enterobacter_fetchngs/data/fastq/,van_20_lung_12508751,P07_Ehormaechei-c1_240825,SRX8999557_SRR12508751,Pub_data,0
/ptmp/mfenk/data/mf_2020_hap/batch1/raw/public_data/2023_12_Enterobacter_fetchngs/data/fastq/,van_20_urine_12508750,P07_Ehormaechei-c1_240825,SRX8999558_SRR12508750,Pub_data,0
/ptmp/mfenk/data/mf_2020_hap/batch1/raw/public_data/2023_12_Enterobacter_fetchngs/data/fastq/,van_20_lung_12508740,P07_Ehormaechei-c1_240825,SRX8999568_SRR12508740,Pub_data,0
/ptmp/mfenk/data/mf_2020_hap/batch1/raw/public_data/2023_12_Enterobacter_fetchngs/data/fastq/,van_20_lung_12508706,P07_Ehormaechei-c1_240825,SRX8999602_SRR12508706,Pub_data,0
/ptmp/mfenk/data/mf_2020_hap/batch1/raw/public_data/2023_12_Enterobacter_fetchngs/data/fastq/,van_20_lung_12508646,P07_Ehormaechei-c1_240825,SRX8999662_SRR12508646,Pub_data,0
/ptmp/mfenk/data/mf_2020_hap/batch1/raw/public_data/2023_12_Enterobacter_fetchngs/data/fastq/,van_20_wound_12508634,P07_Ehormaechei-c1_240825,SRX8999674_SRR12508634,Pub_data,0
/ptmp/mfenk/data/mf_2020_hap/batch1/raw/public_data/2023_12_Enterobacter_fetchngs/data/fastq/,van_20_urine_12508627,P07_Ehormaechei-c1_240825,SRX8999681_SRR12508627,Pub_data,0
/ptmp/mfenk/data/mf_2020_hap/batch1/raw/public_data/2023_12_Enterobacter_fetchngs/data/fastq/,van_20_lung_12508617,P07_Ehormaechei-c1_240825,SRX8999691_SRR12508617,Pub_data,0
/ptmp/mfenk/data/mf_2020_hap/batch1/raw/public_data/2023_12_Enterobacter_fetchngs/data/fastq/,van_20_wound_12509280,P07_Ehormaechei-c1_240825,SRX8999703_SRR12509280,Pub_data,0
/ptmp/mfenk/data/mf_2020_hap/batch1/raw/public_data/2023_12_Enterobacter_fetchngs/data/fastq/,van_20_blood_12509245,P07_Ehormaechei-c1_240825,SRX8999738_SRR12509245,Pub_data,0
/ptmp/mfenk/data/mf_2020_hap/batch1/raw/public_data/2023_12_Enterobacter_fetchngs/data/fastq/,van_20_wound_12509234,P07_Ehormaechei-c1_240825,SRX8999749_SRR12509234,Pub_data,0
/ptmp/mfenk/data/mf_2020_hap/batch1/raw/public_data/2023_12_Enterobacter_fetchngs/data/fastq/,van_20_urine_12509207,P07_Ehormaechei-c1_240825,SRX8999776_SRR12509207,Pub_data,0
/ptmp/mfenk/data/mf_2020_hap/batch1/raw/public_data/2023_12_Enterobacter_fetchngs/data/fastq/,van_20_wound_12509197,P07_Ehormaechei-c1_240825,SRX8999786_SRR12509197,Pub_data,0
/ptmp/mfenk/data/mf_2020_hap/batch1/raw/public_data/2023_12_Enterobacter_fetchngs/data/fastq/,van_20_lung_12509176,P07_Ehormaechei-c1_240825,SRX8999807_SRR12509176,Pub_data,0
/ptmp/mfenk/data/mf_2020_hap/batch1/raw/public_data/2023_12_Enterobacter_fetchngs/data/fastq/,van_20_wound_12509174,P07_Ehormaechei-c1_240825,SRX8999809_SRR12509174,Pub_data,0
/ptmp/mfenk/data/mf_2020_hap/batch1/raw/public_data/2023_12_Enterobacter_fetchngs/data/fastq/,van_20_wound_12509168,P07_Ehormaechei-c1_240825,SRX8999815_SRR12509168,Pub_data,0
/ptmp/mfenk/data/mf_2020_hap/batch1/raw/public_data/2023_12_Enterobacter_fetchngs/data/fastq/,van_20_blood_12509156,P07_Ehormaechei-c1_240825,SRX8999827_SRR12509156,Pub_data,0
/ptmp/mfenk/data/mf_2020_hap/batch1/raw/public_data/2023_12_Enterobacter_fetchngs/data/fastq/,van_20_blood_12509129,P07_Ehormaechei-c1_240825,SRX8999854_SRR12509129,Pub_data,0
/ptmp/mfenk/data/mf_2020_hap/batch1/raw/public_data/2023_12_Enterobacter_fetchngs/data/fastq/,van_20_lung_12509121,P07_Ehormaechei-c1_240825,SRX8999862_SRR12509121,Pub_data,0
/ptmp/mfenk/data/mf_2020_hap/batch1/raw/public_data/2023_12_Enterobacter_fetchngs/data/fastq/,van_20_lung_12509105,P07_Ehormaechei-c1_240825,SRX8999878_SRR12509105,Pub_data,0
/ptmp/mfenk/data/mf_2020_hap/batch1/raw/public_data/2023_12_Enterobacter_fetchngs/data/fastq/,van_20_wound_12509100,P07_Ehormaechei-c1_240825,SRX8999883_SRR12509100,Pub_data,0
/ptmp/mfenk/data/mf_2020_hap/batch1/raw/public_data/2023_12_Enterobacter_fetchngs/data/fastq/,van_20_urine_12509085,P07_Ehormaechei-c1_240825,SRX8999898_SRR12509085,Pub_data,0
/ptmp/mfenk/data/mf_2020_hap/batch1/raw/public_data/2023_12_Enterobacter_fetchngs/data/fastq/,van_20_urine_12509078,P07_Ehormaechei-c1_240825,SRX8999905_SRR12509078,Pub_data,0
/ptmp/mfenk/data/mf_2020_hap/batch1/raw/public_data/2023_12_Enterobacter_fetchngs/data/fastq/,van_20_lung_12509064,P07_Ehormaechei-c1_240825,SRX8999919_SRR12509064,Pub_data,0
/ptmp/mfenk/data/mf_2020_hap/batch1/raw/public_data/2023_12_Enterobacter_fetchngs/data/fastq/,van_20_urine_12509059,P07_Ehormaechei-c1_240825,SRX8999924_SRR12509059,Pub_data,0
/ptmp/mfenk/data/mf_2020_hap/batch1/raw/public_data/2023_12_Enterobacter_fetchngs/data/fastq/,van_20_urine_12509018,P07_Ehormaechei-c1_240825,SRX8999966_SRR12509018,Pub_data,0
/ptmp/mfenk/data/mf_2020_hap/batch1/raw/public_data/2023_12_Enterobacter_fetchngs/data/fastq/,van_20_wound_12509010,P07_Ehormaechei-c1_240825,SRX8999974_SRR12509010,Pub_data,0
/ptmp/mfenk/data/mf_2020_hap/batch1/raw/public_data/2023_12_Enterobacter_fetchngs/data/fastq/,van_20_other_12508957,P07_Ehormaechei-c1_240825,SRX9000026_SRR12508957,Pub_data,0
/ptmp/mfenk/data/mf_2020_hap/batch1/raw/public_data/2023_12_Enterobacter_fetchngs/data/fastq/,van_20_urine_12508956,P07_Ehormaechei-c1_240825,SRX9000027_SRR12508956,Pub_data,0
/ptmp/mfenk/data/mf_2020_hap/batch1/raw/public_data/2023_12_Enterobacter_fetchngs/data/fastq/,van_20_urine_12509547,P07_Ehormaechei-c1_240825,SRX9000097_SRR12509547,Pub_data,0
/ptmp/mfenk/data/mf_2020_hap/batch1/raw/public_data/2023_12_Enterobacter_fetchngs/data/fastq/,van_20_lung_12509546,P07_Ehormaechei-c1_240825,SRX9000098_SRR12509546,Pub_data,0
/ptmp/mfenk/data/mf_2020_hap/batch1/raw/public_data/2023_12_Enterobacter_fetchngs/data/fastq/,van_20_urine_12509534,P07_Ehormaechei-c1_240825,SRX9000110_SRR12509534,Pub_data,0
/ptmp/mfenk/data/mf_2020_hap/batch1/raw/public_data/2023_12_Enterobacter_fetchngs/data/fastq/,van_20_blood_12509517,P07_Ehormaechei-c1_240825,SRX9000127_SRR12509517,Pub_data,0
/ptmp/mfenk/data/mf_2020_hap/batch1/raw/public_data/2023_12_Enterobacter_fetchngs/data/fastq/,van_20_wound_12509469,P07_Ehormaechei-c1_240825,SRX9000175_SRR12509469,Pub_data,0
/ptmp/mfenk/data/mf_2020_hap/batch1/raw/public_data/2023_12_Enterobacter_fetchngs/data/fastq/,van_20_urine_12509457,P07_Ehormaechei-c1_240825,SRX9000187_SRR12509457,Pub_data,0
/ptmp/mfenk/data/mf_2020_hap/batch1/raw/public_data/2023_12_Enterobacter_fetchngs/data/fastq/,van_20_urine_12509442,P07_Ehormaechei-c1_240825,SRX9000202_SRR12509442,Pub_data,0
/ptmp/mfenk/data/mf_2020_hap/batch1/raw/public_data/2023_12_Enterobacter_fetchngs/data/fastq/,van_20_urine_12509430,P07_Ehormaechei-c1_240825,SRX9000214_SRR12509430,Pub_data,0
/ptmp/mfenk/data/mf_2020_hap/batch1/raw/public_data/2023_12_Enterobacter_fetchngs/data/fastq/,van_20_wound_12509412,P07_Ehormaechei-c1_240825,SRX9000232_SRR12509412,Pub_data,0
/ptmp/mfenk/data/mf_2020_hap/batch1/raw/public_data/2023_12_Enterobacter_fetchngs/data/fastq/,van_20_urine_12509373,P07_Ehormaechei-c1_240825,SRX9000271_SRR12509373,Pub_data,0
/ptmp/mfenk/data/mf_2020_hap/batch1/raw/public_data/2023_12_Enterobacter_fetchngs/data/fastq/,van_20_urine_12509370,P07_Ehormaechei-c1_240825,SRX9000274_SRR12509370,Pub_data,0
/ptmp/mfenk/data/mf_2020_hap/batch1/raw/public_data/2023_12_Enterobacter_fetchngs/data/fastq/,van_20_urine_12509342,P07_Ehormaechei-c1_240825,SRX9000303_SRR12509342,Pub_data,0
/ptmp/mfenk/data/mf_2020_hap/batch1/raw/public_data/2023_12_Enterobacter_fetchngs/data/fastq/,van_20_urine_12509282,P07_Ehormaechei-c1_240825,SRX9000363_SRR12509282,Pub_data,0
/ptmp/mfenk/data/mf_2020_hap/batch1/raw/public_data/2023_12_Enterobacter_fetchngs/data/fastq/,van_20_wound_12509281,P07_Ehormaechei-c1_240825,SRX9000364_SRR12509281,Pub_data,0
/ptmp/mfenk/data/mf_2020_hap/batch1/raw/public_data/2023_12_Enterobacter_fetchngs/data/fastq/,cdc_eq_other_12519128,P07_Ehormaechei-c1_240825,SRX9009634_SRR12519128,Pub_data,0
/ptmp/mfenk/data/mf_2020_hap/batch1/raw/public_data/2023_12_Enterobacter_fetchngs/data/fastq/,cdc_eq_urine_12519124,P07_Ehormaechei-c1_240825,SRX9009638_SRR12519124,Pub_data,0
/ptmp/mfenk/data/mf_2020_hap/batch1/raw/public_data/2023_12_Enterobacter_fetchngs/data/fastq/,cdc_eq_other_12519122,P07_Ehormaechei-c1_240825,SRX9009640_SRR12519122,Pub_data,0
/ptmp/mfenk/data/mf_2020_hap/batch1/raw/public_data/2023_12_Enterobacter_fetchngs/data/fastq/,cdc_eq_lung_12865214,P07_Ehormaechei-c1_240825,SRX9332039_SRR12865214,Pub_data,0
/ptmp/mfenk/data/mf_2020_hap/batch1/raw/public_data/2023_12_Enterobacter_fetchngs/data/fastq/,cdc_eq_urine_12865200,P07_Ehormaechei-c1_240825,SRX9332053_SRR12865200,Pub_data,0
/ptmp/mfenk/data/mf_2020_hap/batch1/raw/public_data/2023_12_Enterobacter_fetchngs/data/fastq/,cdc_eq_urine_12902620,P07_Ehormaechei-c1_240825,SRX9367488_SRR12902620,Pub_data,0
/ptmp/mfenk/data/mf_2020_hap/batch1/raw/public_data/2023_12_Enterobacter_fetchngs/data/fastq/,cdc_eq_urine_12902614,P07_Ehormaechei-c1_240825,SRX9367494_SRR12902614,Pub_data,0
/ptmp/mfenk/data/mf_2020_hap/batch1/raw/public_data/2023_12_Enterobacter_fetchngs/data/fastq/,cdc_eq_urine_12902613,P07_Ehormaechei-c1_240825,SRX9367495_SRR12902613,Pub_data,0
/ptmp/mfenk/data/mf_2020_hap/batch1/raw/public_data/2023_12_Enterobacter_fetchngs/data/fastq/,cdc_eq_urine_12902611,P07_Ehormaechei-c1_240825,SRX9367497_SRR12902611,Pub_data,0
/ptmp/mfenk/data/mf_2020_hap/batch1/raw/public_data/2023_12_Enterobacter_fetchngs/data/fastq/,cdc_eq_blood_12902586,P07_Ehormaechei-c1_240825,SRX9367522_SRR12902586,Pub_data,0
/ptmp/mfenk/data/mf_2020_hap/batch1/raw/public_data/2023_12_Enterobacter_fetchngs/data/fastq/,cdc_eq_urine_12902584,P07_Ehormaechei-c1_240825,SRX9367524_SRR12902584,Pub_data,0
/ptmp/mfenk/data/mf_2020_hap/batch1/raw/public_data/2023_12_Enterobacter_fetchngs/data/fastq/,cdc_eq_urine_12902565,P07_Ehormaechei-c1_240825,SRX9367543_SRR12902565,Pub_data,0
/ptmp/mfenk/data/mf_2020_hap/batch1/raw/public_data/2023_12_Enterobacter_fetchngs/data/fastq/,cdc_eq_other_body_12902555,P07_Ehormaechei-c1_240825,SRX9367553_SRR12902555,Pub_data,0
/ptmp/mfenk/data/mf_2020_hap/batch1/raw/public_data/2023_12_Enterobacter_fetchngs/data/fastq/,cdc_eq_urine_12902535,P07_Ehormaechei-c1_240825,SRX9367573_SRR12902535,Pub_data,0
/ptmp/mfenk/data/mf_2020_hap/batch1/raw/public_data/2023_12_Enterobacter_fetchngs/data/fastq/,cdc_eq_urine_12902455,P07_Ehormaechei-c1_240825,SRX9367653_SRR12902455,Pub_data,0
/ptmp/mfenk/data/mf_2020_hap/batch1/raw/public_data/2023_12_Enterobacter_fetchngs/data/fastq/,cdc_eq_blood_13069013,P07_Ehormaechei-c1_240825,SRX9516542_SRR13069013,Pub_data,0
/ptmp/mfenk/data/mf_2020_hap/batch1/raw/public_data/2023_12_Enterobacter_fetchngs/data/fastq/,cdc_eq_rectum_13129377,P07_Ehormaechei-c1_240825,SRX9570387_SRR13129377,Pub_data,0
/ptmp/mfenk/data/mf_2020_hap/batch1/raw/public_data/2023_12_Enterobacter_fetchngs/data/fastq/,cdc_eq_urine_13183130,P07_Ehormaechei-c1_240825,SRX9620944_SRR13183130,Pub_data,0
/ptmp/mfenk/data/mf_2020_hap/batch1/raw/public_data/2023_12_Enterobacter_fetchngs/data/fastq/,cdc_eq_wound_13228379,P07_Ehormaechei-c1_240825,SRX9660729_SRR13228379,Pub_data,0
/ptmp/mfenk/data/mf_2020_hap/batch1/raw/public_data/2023_12_Enterobacter_fetchngs/data/fastq/,cdc_eq_wound_13439513,P07_Ehormaechei-c1_240825,SRX9852999_SRR13439513,Pub_data,0
/ptmp/mfenk/data/mf_2020_hap/batch1/raw/outgroup_fastqs/,Ecloacae_ASM77015v1,P07_Ehormaechei-c1_240825,Ecloacae_ASM77015v1,Pub_data,1
/ptmp/mfenk/data/mf_2020_hap/batch1/raw/outgroup_fastqs/,Eadelaidei_GCF_041937165_1,P07_Ehormaechei-c1_240825,Eadelaidei_GCF_041937165_1,Pub_data,1
/ptmp/mfenk/data/mf_2020_hap/batch1/raw/outgroup_fastqs/,Easburiae_GCF_007035805_1,P07_Ehormaechei-c1_240825,Easburiae_GCF_007035805_1,Pub_data,1
/ptmp/mfenk/data/mf_2020_hap/batch1/raw/outgroup_fastqs/,Ebugandensis_GCF_900324475_1,P07_Ehormaechei-c1_240825,Ebugandensis_GCF_900324475_1,Pub_data,1
/ptmp/mfenk/data/mf_2020_hap/batch1/raw/outgroup_fastqs/,Ecancerogenus_GCF_019665745_1,P07_Ehormaechei-c1_240825,Ecancerogenus_GCF_019665745_1,Pub_data,1
/ptmp/mfenk/data/mf_2020_hap/batch1/raw/outgroup_fastqs/,Echengduensis_GCF_001984825_2,P07_Ehormaechei-c1_240825,Echengduensis_GCF_001984825_2,Pub_data,1
/ptmp/mfenk/data/mf_2020_hap/batch1/raw/outgroup_fastqs/,Echinensis_GCF_034008295_1,P07_Ehormaechei-c1_240825,Echinensis_GCF_034008295_1,Pub_data,1
/ptmp/mfenk/data/mf_2020_hap/batch1/raw/outgroup_fastqs/,Echuandaensis_GCF_039718975_1,P07_Ehormaechei-c1_240825,Echuandaensis_GCF_039718975_1,Pub_data,1
/ptmp/mfenk/data/mf_2020_hap/batch1/raw/outgroup_fastqs/,Ecloacae_GCF_905331265_2,P07_Ehormaechei-c1_240825,Ecloacae_GCF_905331265_2,Pub_data,1
/ptmp/mfenk/data/mf_2020_hap/batch1/raw/outgroup_fastqs/,Edykesii_GCF_008364625_2,P07_Ehormaechei-c1_240825,Edykesii_GCF_008364625_2,Pub_data,1
/ptmp/mfenk/data/mf_2020_hap/batch1/raw/outgroup_fastqs/,Ehormaechei_GCF_019048245_1,P07_Ehormaechei-c1_240825,Ehormaechei_GCF_019048245_1,Pub_data,1
/ptmp/mfenk/data/mf_2020_hap/batch1/raw/outgroup_fastqs/,Ehuaxiensis_GCF_003594935_2,P07_Ehormaechei-c1_240825,Ehuaxiensis_GCF_003594935_2,Pub_data,1
/ptmp/mfenk/data/mf_2020_hap/batch1/raw/outgroup_fastqs/,Eintestinihominis_GCF_048568405_1,P07_Ehormaechei-c1_240825,Eintestinihominis_GCF_048568405_1,Pub_data,1
/ptmp/mfenk/data/mf_2020_hap/batch1/raw/outgroup_fastqs/,Ekobei_GCF_023023125_1,P07_Ehormaechei-c1_240825,Ekobei_GCF_023023125_1,Pub_data,1
/ptmp/mfenk/data/mf_2020_hap/batch1/raw/outgroup_fastqs/,Eludwigii_GCF_001750725_1,P07_Ehormaechei-c1_240825,Eludwigii_GCF_001750725_1,Pub_data,1
/ptmp/mfenk/data/mf_2020_hap/batch1/raw/outgroup_fastqs/,Emori_GCF_022014715_1,P07_Ehormaechei-c1_240825,Emori_GCF_022014715_1,Pub_data,1
/ptmp/mfenk/data/mf_2020_hap/batch1/raw/outgroup_fastqs/,Enematophilus_GCF_026344075_1,P07_Ehormaechei-c1_240825,Enematophilus_GCF_026344075_1,Pub_data,1
/ptmp/mfenk/data/mf_2020_hap/batch1/raw/outgroup_fastqs/,Eoligotrophicus_GCF_009176645_1,P07_Ehormaechei-c1_240825,Eoligotrophicus_GCF_009176645_1,Pub_data,1
/ptmp/mfenk/data/mf_2020_hap/batch1/raw/outgroup_fastqs/,Epasteurii_GCF_014930725_1,P07_Ehormaechei-c1_240825,Epasteurii_GCF_014930725_1,Pub_data,1
/ptmp/mfenk/data/mf_2020_hap/batch1/raw/outgroup_fastqs/,Epseudoroggenkampii_GCF_030406165_1,P07_Ehormaechei-c1_240825,Epseudoroggenkampii_GCF_030406165_1,Pub_data,1
/ptmp/mfenk/data/mf_2020_hap/batch1/raw/outgroup_fastqs/,Equasihormaechei_GCF_004331385_1,P07_Ehormaechei-c1_240825,Equasihormaechei_GCF_004331385_1,Pub_data,1
/ptmp/mfenk/data/mf_2020_hap/batch1/raw/outgroup_fastqs/,Equasimori_GCF_018597345_1,P07_Ehormaechei-c1_240825,Equasimori_GCF_018597345_1,Pub_data,1
/ptmp/mfenk/data/mf_2020_hap/batch1/raw/outgroup_fastqs/,Equasiroggenkampii_GCF_043972695_1,P07_Ehormaechei-c1_240825,Equasiroggenkampii_GCF_043972695_1,Pub_data,1
/ptmp/mfenk/data/mf_2020_hap/batch1/raw/outgroup_fastqs/,Eroggenkampii_GCF_001729805_1,P07_Ehormaechei-c1_240825,Eroggenkampii_GCF_001729805_1,Pub_data,1
/ptmp/mfenk/data/mf_2020_hap/batch1/raw/outgroup_fastqs/,Erongchengensis_GCF_034008275_1,P07_Ehormaechei-c1_240825,Erongchengensis_GCF_034008275_1,Pub_data,1
/ptmp/mfenk/data/mf_2020_hap/batch1/raw/outgroup_fastqs/,Esichuanensis_GCF_009036245_1,P07_Ehormaechei-c1_240825,Esichuanensis_GCF_009036245_1,Pub_data,1
/ptmp/mfenk/data/mf_2020_hap/batch1/raw/outgroup_fastqs/,Esoli_GCF_000224675_1,P07_Ehormaechei-c1_240825,Esoli_GCF_000224675_1,Pub_data,1
/ptmp/mfenk/data/mf_2020_hap/batch1/raw/outgroup_fastqs/,Evonholyi_GCF_040834095_1,P07_Ehormaechei-c1_240825,Evonholyi_GCF_040834095_1,Pub_data,1
/ptmp/mfenk/data/mf_2020_hap/batch1/raw/outgroup_fastqs/,Ewuhouensis_GCF_035835995_1,P07_Ehormaechei-c1_240825,Ewuhouensis_GCF_035835995_1,Pub_data,1
/ptmp/mfenk/data/mf_2020_hap/batch1/raw/outgroup_fastqs/,Easburiae_GCF_001521715_1,P07_Ehormaechei-c1_240825,Easburiae_GCF_001521715_1,Pub_data,1
/ptmp/mfenk/data/mf_2020_hap/batch1/raw/outgroup_fastqs/,Easburiae_GCF_016027695_1,P07_Ehormaechei-c1_240825,Easburiae_GCF_016027695_1,Pub_data,1
/ptmp/mfenk/data/mf_2020_hap/batch1/raw/outgroup_fastqs/,Ebugandensis_GCF_019046905_1,P07_Ehormaechei-c1_240825,Ebugandensis_GCF_019046905_1,Pub_data,1
/ptmp/mfenk/data/mf_2020_hap/batch1/raw/outgroup_fastqs/,Ecancerogenus_GCF_019047785_1,P07_Ehormaechei-c1_240825,Ecancerogenus_GCF_019047785_1,Pub_data,1
/ptmp/mfenk/data/mf_2020_hap/batch1/raw/outgroup_fastqs/,Ecloacae_GCF_013376815_1,P07_Ehormaechei-c1_240825,Ecloacae_GCF_013376815_1,Pub_data,1
/ptmp/mfenk/data/mf_2020_hap/batch1/raw/outgroup_fastqs/,Ecloacae_GCF_019047105_1,P07_Ehormaechei-c1_240825,Ecloacae_GCF_019047105_1,Pub_data,1
/ptmp/mfenk/data/mf_2020_hap/batch1/raw/outgroup_fastqs/,Ecloacae_subsp._cloacae_ATCC_13047_GCF_000025565_1,P07_Ehormaechei-c1_240825,Ecloacae_subsp._cloacae_ATCC_13047_GCF_000025565_1,Pub_data,1
/ptmp/mfenk/data/mf_2020_hap/batch1/raw/outgroup_fastqs/,Ecloacae_subsp._cloacae_GCF_047119245_1,P07_Ehormaechei-c1_240825,Ecloacae_subsp._cloacae_GCF_047119245_1,Pub_data,1
/ptmp/mfenk/data/mf_2020_hap/batch1/raw/outgroup_fastqs/,Ehormaechei_subsp._hoffmannii_GCF_001729745_1,P07_Ehormaechei-c1_240825,Ehormaechei_subsp._hoffmannii_GCF_001729745_1,Pub_data,1
/ptmp/mfenk/data/mf_2020_hap/batch1/raw/outgroup_fastqs/,Ehormaechei_subsp._oharae_GCF_001729705_1,P07_Ehormaechei-c1_240825,Ehormaechei_subsp._oharae_GCF_001729705_1,Pub_data,1
/ptmp/mfenk/data/mf_2020_hap/batch1/raw/outgroup_fastqs/,Ehormaechei_subsp._oharae_GCF_020097195_1,P07_Ehormaechei-c1_240825,Ehormaechei_subsp._oharae_GCF_020097195_1,Pub_data,1
/ptmp/mfenk/data/mf_2020_hap/batch1/raw/outgroup_fastqs/,Ehormaechei_subsp._steigerwaltii_GCF_001729725_1,P07_Ehormaechei-c1_240825,Ehormaechei_subsp._steigerwaltii_GCF_001729725_1,Pub_data,1
/ptmp/mfenk/data/mf_2020_hap/batch1/raw/outgroup_fastqs/,Ehormaechei_subsp._xiangfangensis_GCF_001729785_1,P07_Ehormaechei-c1_240825,Ehormaechei_subsp._xiangfangensis_GCF_001729785_1,Pub_data,1
/ptmp/mfenk/data/mf_2020_hap/batch1/raw/outgroup_fastqs/,Ekobei_GCF_001729765_1,P07_Ehormaechei-c1_240825,Ekobei_GCF_001729765_1,Pub_data,1
/ptmp/mfenk/data/mf_2020_hap/batch1/raw/outgroup_fastqs/,Ekobei_GCF_018323985_1,P07_Ehormaechei-c1_240825,Ekobei_GCF_018323985_1,Pub_data,1
/ptmp/mfenk/data/mf_2020_hap/batch1/raw/outgroup_fastqs/,Eludwigii_GCF_019047005_1,P07_Ehormaechei-c1_240825,Eludwigii_GCF_019047005_1,Pub_data,1
/ptmp/mfenk/data/mf_2020_hap/batch1/raw/outgroup_fastqs/,Eroggenkampii_GCF_019047025_1,P07_Ehormaechei-c1_240825,Eroggenkampii_GCF_019047025_1,Pub_data,1
/ptmp/mfenk/data/mf_2020_hap/batch1/raw/outgroup_fastqs/,Ehormaechei_GCA_003408555_1,P07_Ehormaechei-c1_240825,Ehormaechei_GCA_003408555_1,Pub_data,1
/ptmp/mfenk/data/mf_2020_hap/batch1/raw/outgroup_fastqs/,Ehormaechei_GCA_024918795_1,P07_Ehormaechei-c1_240825,Ehormaechei_GCA_024918795_1,Pub_data,1
/ptmp/mfenk/data/mf_2020_hap/batch1/raw/outgroup_fastqs/,Ehormaechei_GCA_029226365_1,P07_Ehormaechei-c1_240825,Ehormaechei_GCA_029226365_1,Pub_data,1
/ptmp/mfenk/data/mf_2020_hap/batch1/raw/outgroup_fastqs/,Ehormaechei_GCA_030718955_1,P07_Ehormaechei-c1_240825,Ehormaechei_GCA_030718955_1,Pub_data,1
/ptmp/mfenk/data/mf_2020_hap/batch1/raw/outgroup_fastqs/,Ehormaechei_GCA_031166165_1,P07_Ehormaechei-c1_240825,Ehormaechei_GCA_031166165_1,Pub_data,1
/ptmp/mfenk/data/mf_2020_hap/batch1/raw/outgroup_fastqs/,Ehormaechei_GCA_031378325_2,P07_Ehormaechei-c1_240825,Ehormaechei_GCA_031378325_2,Pub_data,1
/ptmp/mfenk/data/mf_2020_hap/batch1/raw/outgroup_fastqs/,Ehormaechei_GCA_032351815_1,P07_Ehormaechei-c1_240825,Ehormaechei_GCA_032351815_1,Pub_data,1
/ptmp/mfenk/data/mf_2020_hap/batch1/raw/outgroup_fastqs/,Ehormaechei_GCA_036080915_2,P07_Ehormaechei-c1_240825,Ehormaechei_GCA_036080915_2,Pub_data,1
/ptmp/mfenk/data/mf_2020_hap/batch1/raw/outgroup_fastqs/,Ehormaechei_GCA_042209615_2,P07_Ehormaechei-c1_240825,Ehormaechei_GCA_042209615_2,Pub_data,1
/ptmp/mfenk/data/mf_2020_hap/batch1/raw/outgroup_fastqs/,Ehormaechei_GCA_045689375_1,P07_Ehormaechei-c1_240825,Ehormaechei_GCA_045689375_1,Pub_data,1
/ptmp/mfenk/data/mf_2020_hap/batch1/raw/outgroup_fastqs/,Equasihormaechei_GCA_050769735_1,P07_Ehormaechei-c1_240825,Equasihormaechei_GCA_050769735_1,Pub_data,1
/ptmp/mfenk/data/mf_2020_hap/batch1/raw/outgroup_fastqs/,Equasihormaechei_GCA_050770695_1,P07_Ehormaechei-c1_240825,Equasihormaechei_GCA_050770695_1,Pub_data,1
/ptmp/mfenk/data/mf_2020_hap/batch1/raw/outgroup_fastqs/,Equasihormaechei_GCA_050772395_1,P07_Ehormaechei-c1_240825,Equasihormaechei_GCA_050772395_1,Pub_data,1
/ptmp/mfenk/data/mf_2020_hap/batch1/raw/outgroup_fastqs/,Equasihormaechei_GCA_050773175_1,P07_Ehormaechei-c1_240825,Equasihormaechei_GCA_050773175_1,Pub_data,1
/ptmp/mfenk/data/mf_2020_hap/batch1/raw/outgroup_fastqs/,Equasihormaechei_GCA_050773415_1,P07_Ehormaechei-c1_240825,Equasihormaechei_GCA_050773415_1,Pub_data,1
/ptmp/mfenk/data/mf_2020_hap/batch1/raw/outgroup_fastqs/,Equasihormaechei_GCF_021650085_1,P07_Ehormaechei-c1_240825,Equasihormaechei_GCF_021650085_1,Pub_data,1
/ptmp/mfenk/data/mf_2020_hap/batch1/raw/outgroup_fastqs/,Equasihormaechei_GCF_034861265_1,P07_Ehormaechei-c1_240825,Equasihormaechei_GCF_034861265_1,Pub_data,1
/ptmp/mfenk/data/mf_2020_hap/batch1/raw/outgroup_fastqs/,Equasihormaechei_GCF_034861305_1,P07_Ehormaechei-c1_240825,Equasihormaechei_GCF_034861305_1,Pub_data,1
/ptmp/mfenk/data/mf_2020_hap/batch1/raw/outgroup_fastqs/,Equasihormaechei_GCF_036528755_1,P07_Ehormaechei-c1_240825,Equasihormaechei_GCF_036528755_1,Pub_data,1
/ptmp/mfenk/data/mf_2020_hap/batch1/raw/outgroup_fastqs/,Equasihormaechei_GCF_036708435_1,P07_Ehormaechei-c1_240825,Equasihormaechei_GCF_036708435_1,Pub_data,1
/ptmp/mfenk/data/mf_2020_hap/batch1/raw/outgroup_fastqs/,Equasihormaechei_GCF_036710595_1,P07_Ehormaechei-c1_240825,Equasihormaechei_GCF_036710595_1,Pub_data,1
/ptmp/mfenk/data/mf_2020_hap/batch1/raw/outgroup_fastqs/,Equasihormaechei_GCF_036711305_1,P07_Ehormaechei-c1_240825,Equasihormaechei_GCF_036711305_1,Pub_data,1
/ptmp/mfenk/data/mf_2020_hap/batch1/raw/outgroup_fastqs/,Equasihormaechei_GCF_038739035_1,P07_Ehormaechei-c1_240825,Equasihormaechei_GCF_038739035_1,Pub_data,1
/ptmp/mfenk/data/mf_2020_hap/batch1/raw/outgroup_fastqs/,Equasihormaechei_GCF_041204125_1,P07_Ehormaechei-c1_240825,Equasihormaechei_GCF_041204125_1,Pub_data,1