Path,Sample,ReferenceGenome,Outgroup
/ptmp/mfenk/data/mf_2020_hap/batch1/refbased_2024_08/mapping,B00020_01,Bthetaiotaomicron_ASM1413175v1,0
/ptmp/mfenk/data/mf_2020_hap/batch1/refbased_2024_08/mapping,B00020_02,Bthetaiotaomicron_ASM1413175v1,0
/ptmp/mfenk/data/mf_2020_hap/batch1/refbased_2024_08/mapping,B00020_03,Bthetaiotaomicron_ASM1413175v1,0
/ptmp/mfenk/data/mf_2020_hap/batch1/refbased_2024_08/mapping,B00020_04,Bthetaiotaomicron_ASM1413175v1,0
/ptmp/mfenk/data/mf_2020_hap/batch1/refbased_2024_08/mapping,B00020_05,Bthetaiotaomicron_ASM1413175v1,0
/ptmp/mfenk/data/mf_2020_hap/batch1/refbased_2024_08/mapping,B00020_06,Bthetaiotaomicron_ASM1413175v1,0
/ptmp/mfenk/data/mf_2020_hap/batch1/refbased_2024_08/mapping,B00020_07,Bthetaiotaomicron_ASM1413175v1,0
/ptmp/mfenk/data/mf_2020_hap/batch1/refbased_2024_08/mapping,B00020_08,Bthetaiotaomicron_ASM1413175v1,0
/ptmp/mfenk/data/mf_2020_hap/batch1/refbased_2024_08/mapping,B00020_09,Bthetaiotaomicron_ASM1413175v1,0
/ptmp/mfenk/data/mf_2020_hap/batch1/refbased_2024_08/mapping,B00020_10,Bthetaiotaomicron_ASM1413175v1,0
/ptmp/mfenk/data/mf_2020_hap/batch1/refbased_2024_08/mapping,B00054_01,Bthetaiotaomicron_ASM1413175v1,0
/ptmp/mfenk/data/mf_2020_hap/batch1/refbased_2024_08/mapping,B00054_02,Bthetaiotaomicron_ASM1413175v1,0
/ptmp/mfenk/data/mf_2020_hap/batch1/refbased_2024_08/mapping,B00054_03,Bthetaiotaomicron_ASM1413175v1,0
/ptmp/mfenk/data/mf_2020_hap/batch1/refbased_2024_08/mapping,B00054_04,Bthetaiotaomicron_ASM1413175v1,0
/ptmp/mfenk/data/mf_2020_hap/batch1/refbased_2024_08/mapping,B00054_05,Bthetaiotaomicron_ASM1413175v1,0
/ptmp/mfenk/data/mf_2020_hap/batch1/refbased_2024_08/mapping,B00054_06,Bthetaiotaomicron_ASM1413175v1,0
/ptmp/mfenk/data/mf_2020_hap/batch1/refbased_2024_08/mapping,B00054_07,Bthetaiotaomicron_ASM1413175v1,0
/ptmp/mfenk/data/mf_2020_hap/batch1/refbased_2024_08/mapping,B00054_08,Bthetaiotaomicron_ASM1413175v1,0
/ptmp/mfenk/data/mf_2020_hap/batch1/refbased_2024_08/mapping,B00054_09,Bthetaiotaomicron_ASM1413175v1,0
/ptmp/mfenk/data/mf_2020_hap/batch1/refbased_2024_08/mapping,B00054_10,Bthetaiotaomicron_ASM1413175v1,0
/ptmp/mfenk/data/mf_2020_hap/batch1/refbased_2024_08/mapping,B00055_01,Bthetaiotaomicron_ASM1413175v1,0
/ptmp/mfenk/data/mf_2020_hap/batch1/refbased_2024_08/mapping,B00055_02,Bthetaiotaomicron_ASM1413175v1,0
/ptmp/mfenk/data/mf_2020_hap/batch1/refbased_2024_08/mapping,B00055_03,Bthetaiotaomicron_ASM1413175v1,0
/ptmp/mfenk/data/mf_2020_hap/batch1/refbased_2024_08/mapping,B00055_04,Bthetaiotaomicron_ASM1413175v1,0
/ptmp/mfenk/data/mf_2020_hap/batch1/refbased_2024_08/mapping,B00055_05,Bthetaiotaomicron_ASM1413175v1,0
/ptmp/mfenk/data/mf_2020_hap/batch1/refbased_2024_08/mapping,B00055_06,Bthetaiotaomicron_ASM1413175v1,0
/ptmp/mfenk/data/mf_2020_hap/batch1/refbased_2024_08/mapping,B00055_07,Bthetaiotaomicron_ASM1413175v1,0
/ptmp/mfenk/data/mf_2020_hap/batch1/refbased_2024_08/mapping,B00055_08,Bthetaiotaomicron_ASM1413175v1,0
/ptmp/mfenk/data/mf_2020_hap/batch1/refbased_2024_08/mapping,B00055_09,Bthetaiotaomicron_ASM1413175v1,0
/ptmp/mfenk/data/mf_2020_hap/batch1/refbased_2024_08/mapping,B00055_10,Bthetaiotaomicron_ASM1413175v1,0
/ptmp/mfenk/data/mf_2020_hap/batch1/refbased_2024_08/mapping,L00001_01,Kmichiganensis_ASM1513957v1,0
/ptmp/mfenk/data/mf_2020_hap/batch1/refbased_2024_08/mapping,L00001_02,Smaltophilia_GCF900475405,0
/ptmp/mfenk/data/mf_2020_hap/batch1/refbased_2024_08/mapping,L00049_01,Apittii_ASM19114v1,0
/ptmp/mfenk/data/mf_2020_hap/batch1/refbased_2024_08/mapping,L00049_02,Apittii_ASM19114v1,0
/ptmp/mfenk/data/mf_2020_hap/batch1/refbased_2024_08/mapping,L00049_03,Apittii_ASM19114v1,0
/ptmp/mfenk/data/mf_2020_hap/batch1/refbased_2024_08/mapping,L00049_04,Apittii_ASM19114v1,0
/ptmp/mfenk/data/mf_2020_hap/batch1/refbased_2024_08/mapping,L00049_05,Apittii_ASM19114v1,0
/ptmp/mfenk/data/mf_2020_hap/batch1/refbased_2024_08/mapping,L00049_06,Apittii_ASM19114v1,0
/ptmp/mfenk/data/mf_2020_hap/batch1/refbased_2024_08/mapping,L00049_07,Apittii_ASM19114v1,0
/ptmp/mfenk/data/mf_2020_hap/batch1/refbased_2024_08/mapping,L00049_08,Apittii_ASM19114v1,0
/ptmp/mfenk/data/mf_2020_hap/batch1/refbased_2024_08/mapping,L00049_09,Apittii_ASM19114v1,0
/ptmp/mfenk/data/mf_2020_hap/batch1/refbased_2024_08/mapping,L00049_10,Apittii_ASM19114v1,0
/ptmp/mfenk/data/mf_2020_hap/batch1/refbased_2024_08/mapping,L00049_11,Paeruginosa_GCF_000006765,0
/ptmp/mfenk/data/mf_2020_hap/batch1/refbased_2024_08/mapping,L00049_12,Paeruginosa_GCF_000006765,0
/ptmp/mfenk/data/mf_2020_hap/batch1/refbased_2024_08/mapping,L00049_13,Paeruginosa_GCF_000006765,0
/ptmp/mfenk/data/mf_2020_hap/batch1/refbased_2024_08/mapping,L00049_14,Paeruginosa_GCF_000006765,0
/ptmp/mfenk/data/mf_2020_hap/batch1/refbased_2024_08/mapping,L00049_15,Paeruginosa_GCF_000006765,0
/ptmp/mfenk/data/mf_2020_hap/batch1/refbased_2024_08/mapping,L00049_16,Paeruginosa_GCF_000006765,0
/ptmp/mfenk/data/mf_2020_hap/batch1/refbased_2024_08/mapping,L00049_17,Paeruginosa_GCF_000006765,0
/ptmp/mfenk/data/mf_2020_hap/batch1/refbased_2024_08/mapping,L00049_18_1,Paeruginosa_GCF_000006765,0
/ptmp/mfenk/data/mf_2020_hap/batch1/refbased_2024_08/mapping,L00049_19,Paeruginosa_GCF_000006765,0
/ptmp/mfenk/data/mf_2020_hap/batch1/refbased_2024_08/mapping,L00049_20,Paeruginosa_GCF_000006765,0
/ptmp/mfenk/data/mf_2020_hap/batch1/refbased_2024_08/mapping,L00061_01,Kmichiganensis_ASM1513957v1,0
/ptmp/mfenk/data/mf_2020_hap/batch1/refbased_2024_08/mapping,L00061_02,Kmichiganensis_ASM1513957v1,0
/ptmp/mfenk/data/mf_2020_hap/batch1/refbased_2024_08/mapping,L00061_03,Kmichiganensis_ASM1513957v1,0
/ptmp/mfenk/data/mf_2020_hap/batch1/refbased_2024_08/mapping,L00061_04,Kmichiganensis_ASM1513957v1,0
/ptmp/mfenk/data/mf_2020_hap/batch1/refbased_2024_08/mapping,L00061_05,Kmichiganensis_ASM1513957v1,0
/ptmp/mfenk/data/mf_2020_hap/batch1/refbased_2024_08/mapping,L00061_06,Kmichiganensis_ASM1513957v1,0
/ptmp/mfenk/data/mf_2020_hap/batch1/refbased_2024_08/mapping,L00061_07,Kmichiganensis_ASM1513957v1,0
/ptmp/mfenk/data/mf_2020_hap/batch1/refbased_2024_08/mapping,L00061_08,Kmichiganensis_ASM1513957v1,0
/ptmp/mfenk/data/mf_2020_hap/batch1/refbased_2024_08/mapping,L00061_09,Kmichiganensis_ASM1513957v1,0
/ptmp/mfenk/data/mf_2020_hap/batch1/refbased_2024_08/mapping,L00061_10,Kmichiganensis_ASM1513957v1,0
/ptmp/mfenk/data/mf_2020_hap/batch1/refbased_2024_08/mapping,L00071_01_1,EhormaecheiYT3_GCF000328885,0
/ptmp/mfenk/data/mf_2020_hap/batch1/refbased_2024_08/mapping,L00071_01_1_S2,EhormaecheiYT3_GCF000328885,0
/ptmp/mfenk/data/mf_2020_hap/batch1/refbased_2024_08/mapping,L00071_02_1,EhormaecheiYT3_GCF000328885,0
/ptmp/mfenk/data/mf_2020_hap/batch1/refbased_2024_08/mapping,L00071_02_1_S3,EhormaecheiYT3_GCF000328885,0
/ptmp/mfenk/data/mf_2020_hap/batch1/refbased_2024_08/mapping,L00071_02_2,Paeruginosa_GCF_000006765,0
/ptmp/mfenk/data/mf_2020_hap/batch1/refbased_2024_08/mapping,L00071_03_1,EhormaecheiYT3_GCF000328885,0
/ptmp/mfenk/data/mf_2020_hap/batch1/refbased_2024_08/mapping,L00071_03_2,Paeruginosa_GCF_000006765,0
/ptmp/mfenk/data/mf_2020_hap/batch1/refbased_2024_08/mapping,L00071_04_1,EhormaecheiYT3_GCF000328885,0
/ptmp/mfenk/data/mf_2020_hap/batch1/refbased_2024_08/mapping,L00071_04_1_S2,EhormaecheiYT3_GCF000328885,0
/ptmp/mfenk/data/mf_2020_hap/batch1/refbased_2024_08/mapping,L00071_04_2,Paeruginosa_GCF_000006765,0
/ptmp/mfenk/data/mf_2020_hap/batch1/refbased_2024_08/mapping,L00071_05_1,EhormaecheiYT3_GCF000328885,0
/ptmp/mfenk/data/mf_2020_hap/batch1/refbased_2024_08/mapping,L00071_05_2,Paeruginosa_GCF_000006765,0
/ptmp/mfenk/data/mf_2020_hap/batch1/refbased_2024_08/mapping,L00071_06_1,EhormaecheiYT3_GCF000328885,0
/ptmp/mfenk/data/mf_2020_hap/batch1/refbased_2024_08/mapping,L00071_06_2,Paeruginosa_GCF_000006765,0
/ptmp/mfenk/data/mf_2020_hap/batch1/refbased_2024_08/mapping,L00071_07_1,EhormaecheiYT3_GCF000328885,0
/ptmp/mfenk/data/mf_2020_hap/batch1/refbased_2024_08/mapping,L00071_07_1_S2,EhormaecheiYT3_GCF000328885,0
/ptmp/mfenk/data/mf_2020_hap/batch1/refbased_2024_08/mapping,L00071_07_2,Paeruginosa_GCF_000006765,0
/ptmp/mfenk/data/mf_2020_hap/batch1/refbased_2024_08/mapping,L00071_08_1,EhormaecheiYT3_GCF000328885,0
/ptmp/mfenk/data/mf_2020_hap/batch1/refbased_2024_08/mapping,L00071_08_2,Paeruginosa_GCF_000006765,0
/ptmp/mfenk/data/mf_2020_hap/batch1/refbased_2024_08/mapping,L00071_09_1,EhormaecheiYT3_GCF000328885,0
/ptmp/mfenk/data/mf_2020_hap/batch1/refbased_2024_08/mapping,L00071_09_2,Paeruginosa_GCF_000006765,0
/ptmp/mfenk/data/mf_2020_hap/batch1/refbased_2024_08/mapping,L00071_10_1,EhormaecheiYT3_GCF000328885,0
/ptmp/mfenk/data/mf_2020_hap/batch1/refbased_2024_08/mapping,L00071_11,Paeruginosa_GCF_000006765,0
/ptmp/mfenk/data/mf_2020_hap/batch1/refbased_2024_08/mapping,L00071_12,Paeruginosa_GCF_000006765,0
/ptmp/mfenk/data/mf_2020_hap/batch1/refbased_2024_08/mapping,L00071_13,Paeruginosa_GCF_000006765,0
/ptmp/mfenk/data/mf_2020_hap/batch1/refbased_2024_08/mapping,L00071_14,Paeruginosa_GCF_000006765,0
/ptmp/mfenk/data/mf_2020_hap/batch1/refbased_2024_08/mapping,L00071_15,Paeruginosa_GCF_000006765,0
/ptmp/mfenk/data/mf_2020_hap/batch1/refbased_2024_08/mapping,L00071_16,Paeruginosa_GCF_000006765,0
/ptmp/mfenk/data/mf_2020_hap/batch1/refbased_2024_08/mapping,L00071_17,Paeruginosa_GCF_000006765,0
/ptmp/mfenk/data/mf_2020_hap/batch1/refbased_2024_08/mapping,L00071_18,Paeruginosa_GCF_000006765,0
/ptmp/mfenk/data/mf_2020_hap/batch1/refbased_2024_08/mapping,L00071_19,Paeruginosa_GCF_000006765,0
/ptmp/mfenk/data/mf_2020_hap/batch1/refbased_2024_08/mapping,L00071_20,Paeruginosa_GCF_000006765,0
/ptmp/mfenk/data/mf_2020_hap/batch1/refbased_2024_08/mapping,L00082_01,Paeruginosa_GCF_000006765,0
/ptmp/mfenk/data/mf_2020_hap/batch1/refbased_2024_08/mapping,L00082_02,Paeruginosa_GCF_000006765,0
/ptmp/mfenk/data/mf_2020_hap/batch1/refbased_2024_08/mapping,L00082_03,Paeruginosa_GCF_000006765,0
/ptmp/mfenk/data/mf_2020_hap/batch1/refbased_2024_08/mapping,L00082_04,Paeruginosa_GCF_000006765,0
/ptmp/mfenk/data/mf_2020_hap/batch1/refbased_2024_08/mapping,L00082_05,Paeruginosa_GCF_000006765,0
/ptmp/mfenk/data/mf_2020_hap/batch1/refbased_2024_08/mapping,L00082_06,Paeruginosa_GCF_000006765,0
/ptmp/mfenk/data/mf_2020_hap/batch1/refbased_2024_08/mapping,L00082_07,Paeruginosa_GCF_000006765,0
/ptmp/mfenk/data/mf_2020_hap/batch1/refbased_2024_08/mapping,L00082_08,Paeruginosa_GCF_000006765,0
/ptmp/mfenk/data/mf_2020_hap/batch1/refbased_2024_08/mapping,L00082_09,Paeruginosa_GCF_000006765,0
/ptmp/mfenk/data/mf_2020_hap/batch1/refbased_2024_08/mapping,L00082_10,Paeruginosa_GCF_000006765,0
/ptmp/mfenk/data/mf_2020_hap/batch1/refbased_2024_08/mapping,L00091_01,Ecoli_ASM886v2,0
/ptmp/mfenk/data/mf_2020_hap/batch1/refbased_2024_08/mapping,L00091_01_1_S2,Ecoli_ASM886v2,0
/ptmp/mfenk/data/mf_2020_hap/batch1/refbased_2024_08/mapping,L00091_02,Paeruginosa_GCF_000006765,0
/ptmp/mfenk/data/mf_2020_hap/batch1/refbased_2024_08/mapping,P07_0006,EhormaecheiYT3_GCF000328885,0
/ptmp/mfenk/data/mf_2020_hap/batch1/refbased_2024_08/mapping,P07_0007,EhormaecheiYT3_GCF000328885,0
/ptmp/mfenk/data/mf_2020_hap/batch1/refbased_2024_08/mapping,P07_0008,EhormaecheiYT3_GCF000328885,0
/ptmp/mfenk/data/mf_2020_hap/batch1/refbased_2024_08/mapping,P07_0009,EhormaecheiYT3_GCF000328885,0
/ptmp/mfenk/data/mf_2020_hap/batch1/refbased_2024_08/mapping,P07_0010,EhormaecheiYT3_GCF000328885,0
/ptmp/mfenk/data/mf_2020_hap/batch1/refbased_2024_08/mapping,P07_0011,EhormaecheiYT3_GCF000328885,0
/ptmp/mfenk/data/mf_2020_hap/batch1/refbased_2024_08/mapping,P07_0012,EhormaecheiYT3_GCF000328885,0
/ptmp/mfenk/data/mf_2020_hap/batch1/refbased_2024_08/mapping,P07_0013,EhormaecheiYT3_GCF000328885,0
/ptmp/mfenk/data/mf_2020_hap/batch1/refbased_2024_08/mapping,P07_0014,EhormaecheiYT3_GCF000328885,0
/ptmp/mfenk/data/mf_2020_hap/batch1/refbased_2024_08/mapping,P07_0016,EhormaecheiYT3_GCF000328885,0
/ptmp/mfenk/data/mf_2020_hap/batch1/refbased_2024_08/mapping,P07_0017,EhormaecheiYT3_GCF000328885,0
/ptmp/mfenk/data/mf_2020_hap/batch1/refbased_2024_08/mapping,P07_0018,EhormaecheiYT3_GCF000328885,0
/ptmp/mfenk/data/mf_2020_hap/batch1/refbased_2024_08/mapping,P07_0019,EhormaecheiYT3_GCF000328885,0
/ptmp/mfenk/data/mf_2020_hap/batch1/refbased_2024_08/mapping,P07_0021,EhormaecheiYT3_GCF000328885,0
/ptmp/mfenk/data/mf_2020_hap/batch1/refbased_2024_08/mapping,P07_0022,EhormaecheiYT3_GCF000328885,0
/ptmp/mfenk/data/mf_2020_hap/batch1/refbased_2024_08/mapping,P07_0023,EhormaecheiYT3_GCF000328885,0
/ptmp/mfenk/data/mf_2020_hap/batch1/refbased_2024_08/mapping,P07_0024,EhormaecheiYT3_GCF000328885,0
/ptmp/mfenk/data/mf_2020_hap/batch1/refbased_2024_08/mapping,P07_0025,EhormaecheiYT3_GCF000328885,0
/ptmp/mfenk/data/mf_2020_hap/batch1/refbased_2024_08/mapping,P07_0028,EhormaecheiYT3_GCF000328885,0
/ptmp/mfenk/data/mf_2020_hap/batch1/refbased_2024_08/mapping,P07_0030,EhormaecheiYT3_GCF000328885,0
/ptmp/mfenk/data/mf_2020_hap/batch1/refbased_2024_08/mapping,P07_0031,EhormaecheiYT3_GCF000328885,0
/ptmp/mfenk/data/mf_2020_hap/batch1/refbased_2024_08/mapping,P07_0032,EhormaecheiYT3_GCF000328885,0
/ptmp/mfenk/data/mf_2020_hap/batch1/refbased_2024_08/mapping,P07_0033,EhormaecheiYT3_GCF000328885,0
/ptmp/mfenk/data/mf_2020_hap/batch1/refbased_2024_08/mapping,P07_0035,EhormaecheiYT3_GCF000328885,0
/ptmp/mfenk/data/mf_2020_hap/batch1/refbased_2024_08/mapping,P07_0035_S2,EhormaecheiYT3_GCF000328885,0
/ptmp/mfenk/data/mf_2020_hap/batch1/refbased_2024_08/mapping,P07_0036,EhormaecheiYT3_GCF000328885,0
/ptmp/mfenk/data/mf_2020_hap/batch1/refbased_2024_08/mapping,P07_0037,EhormaecheiYT3_GCF000328885,0
/ptmp/mfenk/data/mf_2020_hap/batch1/refbased_2024_08/mapping,P07_0038,EhormaecheiYT3_GCF000328885,0
/ptmp/mfenk/data/mf_2020_hap/batch1/refbased_2024_08/mapping,P07_0039,EhormaecheiYT3_GCF000328885,0
/ptmp/mfenk/data/mf_2020_hap/batch1/refbased_2024_08/mapping,P07_0040,EhormaecheiYT3_GCF000328885,0
/ptmp/mfenk/data/mf_2020_hap/batch1/refbased_2024_08/mapping,P07_0041,EhormaecheiYT3_GCF000328885,0
/ptmp/mfenk/data/mf_2020_hap/batch1/refbased_2024_08/mapping,P07_0042,EhormaecheiYT3_GCF000328885,0
/ptmp/mfenk/data/mf_2020_hap/batch1/refbased_2024_08/mapping,P07_0044,EhormaecheiYT3_GCF000328885,0
/ptmp/mfenk/data/mf_2020_hap/batch1/refbased_2024_08/mapping,P07_0045,EhormaecheiYT3_GCF000328885,0
/ptmp/mfenk/data/mf_2020_hap/batch1/refbased_2024_08/mapping,P07_0046,EhormaecheiYT3_GCF000328885,0
/ptmp/mfenk/data/mf_2020_hap/batch1/refbased_2024_08/mapping,P07_0046_S2,EhormaecheiYT3_GCF000328885,0
/ptmp/mfenk/data/mf_2020_hap/batch1/refbased_2024_08/mapping,P07_0047,EhormaecheiYT3_GCF000328885,0
/ptmp/mfenk/data/mf_2020_hap/batch1/refbased_2024_08/mapping,P07_0049,EhormaecheiYT3_GCF000328885,0
/ptmp/mfenk/data/mf_2020_hap/batch1/refbased_2024_08/mapping,P07_0050,EhormaecheiYT3_GCF000328885,0
/ptmp/mfenk/data/mf_2020_hap/batch1/refbased_2024_08/mapping,P07_0050_S2,EhormaecheiYT3_GCF000328885,0
/ptmp/mfenk/data/mf_2020_hap/batch1/refbased_2024_08/mapping,P07_0052,EhormaecheiYT3_GCF000328885,0
/ptmp/mfenk/data/mf_2020_hap/batch1/refbased_2024_08/mapping,P07_0064,EhormaecheiYT3_GCF000328885,0
/ptmp/mfenk/data/mf_2020_hap/batch1/refbased_2024_08/mapping,P07_0065,EhormaecheiYT3_GCF000328885,0
/ptmp/mfenk/data/mf_2020_hap/batch1/refbased_2024_08/mapping,P07_0067,EhormaecheiYT3_GCF000328885,0
/ptmp/mfenk/data/mf_2020_hap/batch1/refbased_2024_08/mapping,P07_0068,EhormaecheiYT3_GCF000328885,0
/ptmp/mfenk/data/mf_2020_hap/batch1/refbased_2024_08/mapping,P07_0069,EhormaecheiYT3_GCF000328885,0
/ptmp/mfenk/data/mf_2020_hap/batch1/refbased_2024_08/mapping,P07_0070,EhormaecheiYT3_GCF000328885,0
/ptmp/mfenk/data/mf_2020_hap/batch1/refbased_2024_08/mapping,P07_0071,EhormaecheiYT3_GCF000328885,0
/ptmp/mfenk/data/mf_2020_hap/batch1/refbased_2024_08/mapping,P07_0072,EhormaecheiYT3_GCF000328885,0
/ptmp/mfenk/data/mf_2020_hap/batch1/refbased_2024_08/mapping,P07_0073,EhormaecheiYT3_GCF000328885,0
/ptmp/mfenk/data/mf_2020_hap/batch1/refbased_2024_08/mapping,P07_0074,EhormaecheiYT3_GCF000328885,0
/ptmp/mfenk/data/mf_2020_hap/batch1/refbased_2024_08/mapping,P07_0075,EhormaecheiYT3_GCF000328885,0
/ptmp/mfenk/data/mf_2020_hap/batch1/refbased_2024_08/mapping,P07_0076,EhormaecheiYT3_GCF000328885,0
/ptmp/mfenk/data/mf_2020_hap/batch1/refbased_2024_08/mapping,P07_0077,EhormaecheiYT3_GCF000328885,0
/ptmp/mfenk/data/mf_2020_hap/batch1/refbased_2024_08/mapping,P07_0079,EhormaecheiYT3_GCF000328885,0
/ptmp/mfenk/data/mf_2020_hap/batch1/refbased_2024_08/mapping,P07_0081,EhormaecheiYT3_GCF000328885,0
/ptmp/mfenk/data/mf_2020_hap/batch1/refbased_2024_08/mapping,P07_0082,EhormaecheiYT3_GCF000328885,0
/ptmp/mfenk/data/mf_2020_hap/batch1/refbased_2024_08/mapping,P07_0085,EhormaecheiYT3_GCF000328885,0
/ptmp/mfenk/data/mf_2020_hap/batch1/refbased_2024_08/mapping,P07_0085_S2,EhormaecheiYT3_GCF000328885,0
/ptmp/mfenk/data/mf_2020_hap/batch1/refbased_2024_08/mapping,P07_0086,EhormaecheiYT3_GCF000328885,0
/ptmp/mfenk/data/mf_2020_hap/batch1/refbased_2024_08/mapping,P07_0087,EhormaecheiYT3_GCF000328885,0
/ptmp/mfenk/data/mf_2020_hap/batch1/refbased_2024_08/mapping,P07_0088,EhormaecheiYT3_GCF000328885,0
/ptmp/mfenk/data/mf_2020_hap/batch1/refbased_2024_08/mapping,P07_0089,EhormaecheiYT3_GCF000328885,0
/ptmp/mfenk/data/mf_2020_hap/batch1/refbased_2024_08/mapping,P07_0089_S2,EhormaecheiYT3_GCF000328885,0
/ptmp/mfenk/data/mf_2020_hap/batch1/refbased_2024_08/mapping,P07_0095,EhormaecheiYT3_GCF000328885,0
/ptmp/mfenk/data/mf_2020_hap/batch1/refbased_2024_08/mapping,P07_0095_S2,EhormaecheiYT3_GCF000328885,0
/ptmp/mfenk/data/mf_2020_hap/batch1/refbased_2024_08/mapping,P07_0096,EhormaecheiYT3_GCF000328885,0
/ptmp/mfenk/data/mf_2020_hap/batch1/refbased_2024_08/mapping,P07_0097,EhormaecheiYT3_GCF000328885,0
/ptmp/mfenk/data/mf_2020_hap/batch1/refbased_2024_08/mapping,P07_0101,EhormaecheiYT3_GCF000328885,0
/ptmp/mfenk/data/mf_2020_hap/batch1/refbased_2024_08/mapping,P07_0102,EhormaecheiYT3_GCF000328885,0
/ptmp/mfenk/data/mf_2020_hap/batch1/refbased_2024_08/mapping,P07_0103,EhormaecheiYT3_GCF000328885,0
/ptmp/mfenk/data/mf_2020_hap/batch1/refbased_2024_08/mapping,P07_0104,EhormaecheiYT3_GCF000328885,0
/ptmp/mfenk/data/mf_2020_hap/batch1/refbased_2024_08/mapping,P07_0105,EhormaecheiYT3_GCF000328885,0
/ptmp/mfenk/data/mf_2020_hap/batch1/refbased_2024_08/mapping,P07_0106,EhormaecheiYT3_GCF000328885,0
/ptmp/mfenk/data/mf_2020_hap/batch1/refbased_2024_08/mapping,P07_0107,EhormaecheiYT3_GCF000328885,0
/ptmp/mfenk/data/mf_2020_hap/batch1/refbased_2024_08/mapping,P07_0108,EhormaecheiYT3_GCF000328885,0
/ptmp/mfenk/data/mf_2020_hap/batch1/refbased_2024_08/mapping,P07_0127,EhormaecheiYT3_GCF000328885,0
/ptmp/mfenk/data/mf_2020_hap/batch1/refbased_2024_08/mapping,P07_1042,EhormaecheiYT3_GCF000328885,0
/ptmp/mfenk/data/mf_2020_hap/batch1/refbased_2024_08/mapping,P07_1043,EhormaecheiYT3_GCF000328885,0
/ptmp/mfenk/data/mf_2020_hap/batch1/refbased_2024_08/mapping,P07_1046,EhormaecheiYT3_GCF000328885,0
/ptmp/mfenk/data/mf_2020_hap/batch1/refbased_2024_08/mapping,P07_1047,EhormaecheiYT3_GCF000328885,0
/ptmp/mfenk/data/mf_2020_hap/batch1/refbased_2024_08/mapping,P07_1049,EhormaecheiYT3_GCF000328885,0
/ptmp/mfenk/data/mf_2020_hap/batch1/refbased_2024_08/mapping,P07_1049_S2,EhormaecheiYT3_GCF000328885,0
/ptmp/mfenk/data/mf_2020_hap/batch1/refbased_2024_08/mapping,P07_1050,EhormaecheiYT3_GCF000328885,0
/ptmp/mfenk/data/mf_2020_hap/batch1/refbased_2024_08/mapping,P07_1052,EhormaecheiYT3_GCF000328885,0
/ptmp/mfenk/data/mf_2020_hap/batch1/refbased_2024_08/mapping,P07_1080,EhormaecheiYT3_GCF000328885,0
/ptmp/mfenk/data/mf_2020_hap/batch1/refbased_2024_08/mapping,P07_1082,EhormaecheiYT3_GCF000328885,0
/ptmp/mfenk/data/mf_2020_hap/batch1/refbased_2024_08/mapping,P07_1083,EhormaecheiYT3_GCF000328885,0
/ptmp/mfenk/data/mf_2020_hap/batch1/refbased_2024_08/mapping,P07_1084,EhormaecheiYT3_GCF000328885,0
/ptmp/mfenk/data/mf_2020_hap/batch1/refbased_2024_08/mapping,P07_1085,EhormaecheiYT3_GCF000328885,0
/ptmp/mfenk/data/mf_2020_hap/batch1/refbased_2024_08/mapping,P07_1086,EhormaecheiYT3_GCF000328885,0
/ptmp/mfenk/data/mf_2020_hap/batch1/refbased_2024_08/mapping,P07_1087,EhormaecheiYT3_GCF000328885,0
/ptmp/mfenk/data/mf_2020_hap/batch1/refbased_2024_08/mapping,P07_1088,EhormaecheiYT3_GCF000328885,0
/ptmp/mfenk/data/mf_2020_hap/batch1/refbased_2024_08/mapping,P07_1088_S2,EhormaecheiYT3_GCF000328885,0
/ptmp/mfenk/data/mf_2020_hap/batch1/refbased_2024_08/mapping,P07_1089,EhormaecheiYT3_GCF000328885,0
/ptmp/mfenk/data/mf_2020_hap/batch1/refbased_2024_08/mapping,P07_1090,EhormaecheiYT3_GCF000328885,0
/ptmp/mfenk/data/mf_2020_hap/batch1/refbased_2024_08/mapping,P07_1091,EhormaecheiYT3_GCF000328885,0
/ptmp/mfenk/data/mf_2020_hap/batch1/refbased_2024_08/mapping,P07_1092,EhormaecheiYT3_GCF000328885,0
/ptmp/mfenk/data/mf_2020_hap/batch1/refbased_2024_08/mapping,P07_1093,EhormaecheiYT3_GCF000328885,0
/ptmp/mfenk/data/mf_2020_hap/batch1/refbased_2024_08/mapping,P07_1094,EhormaecheiYT3_GCF000328885,0
/ptmp/mfenk/data/mf_2020_hap/batch1/refbased_2024_08/mapping,P07_1095,EhormaecheiYT3_GCF000328885,0
/ptmp/mfenk/data/mf_2020_hap/batch1/refbased_2024_08/mapping,P07_1139,EhormaecheiYT3_GCF000328885,0
/ptmp/mfenk/data/mf_2020_hap/batch1/refbased_2024_08/mapping,P07_1140,EhormaecheiYT3_GCF000328885,0
/ptmp/mfenk/data/mf_2020_hap/batch1/refbased_2024_08/mapping,P07_1141,EhormaecheiYT3_GCF000328885,0
/ptmp/mfenk/data/mf_2020_hap/batch1/refbased_2024_08/mapping,P07_1142,EhormaecheiYT3_GCF000328885,0
/ptmp/mfenk/data/mf_2020_hap/batch1/refbased_2024_08/mapping,P07_1142_S2,EhormaecheiYT3_GCF000328885,0
/ptmp/mfenk/data/mf_2020_hap/batch1/refbased_2024_08/mapping,P07_1144,EhormaecheiYT3_GCF000328885,0
/ptmp/mfenk/data/mf_2020_hap/batch1/refbased_2024_08/mapping,P07_1145,EhormaecheiYT3_GCF000328885,0
/ptmp/mfenk/data/mf_2020_hap/batch1/refbased_2024_08/mapping,P07_1149,EhormaecheiYT3_GCF000328885,0
/ptmp/mfenk/data/mf_2020_hap/batch1/refbased_2024_08/mapping,P07_1149_S2,EhormaecheiYT3_GCF000328885,0
/ptmp/mfenk/data/mf_2020_hap/batch1/refbased_2024_08/mapping,P07_1151,EhormaecheiYT3_GCF000328885,0
/ptmp/mfenk/data/mf_2020_hap/batch1/refbased_2024_08/mapping,P07_1152,EhormaecheiYT3_GCF000328885,0
/ptmp/mfenk/data/mf_2020_hap/batch1/refbased_2024_08/mapping,P07_1155,EhormaecheiYT3_GCF000328885,0
/ptmp/mfenk/data/mf_2020_hap/batch1/refbased_2024_08/mapping,P07_1159,EhormaecheiYT3_GCF000328885,0
/ptmp/mfenk/data/mf_2020_hap/batch1/refbased_2024_08/mapping,P07_1160,EhormaecheiYT3_GCF000328885,0
/ptmp/mfenk/data/mf_2020_hap/batch1/refbased_2024_08/mapping,P07_1161,EhormaecheiYT3_GCF000328885,0
/ptmp/mfenk/data/mf_2020_hap/batch1/refbased_2024_08/mapping,P07_1162,EhormaecheiYT3_GCF000328885,0
/ptmp/mfenk/data/mf_2020_hap/batch1/refbased_2024_08/mapping,P07_1165,EhormaecheiYT3_GCF000328885,0
/ptmp/mfenk/data/mf_2020_hap/batch1/refbased_2024_08/mapping,P07_1165_S2,EhormaecheiYT3_GCF000328885,0
/ptmp/mfenk/data/mf_2020_hap/batch1/refbased_2024_08/mapping,P07_1166,EhormaecheiYT3_GCF000328885,0
/ptmp/mfenk/data/mf_2020_hap/batch1/refbased_2024_08/mapping,P07_1200,EhormaecheiYT3_GCF000328885,0
/ptmp/mfenk/data/mf_2020_hap/batch1/refbased_2024_08/mapping,P07_1200_S2,EhormaecheiYT3_GCF000328885,0
/ptmp/mfenk/data/mf_2020_hap/batch1/refbased_2024_08/mapping,P07_1201,EhormaecheiYT3_GCF000328885,0
/ptmp/mfenk/data/mf_2020_hap/batch1/refbased_2024_08/mapping,P07_1337,EhormaecheiYT3_GCF000328885,0
/ptmp/mfenk/data/mf_2020_hap/batch1/refbased_2024_08/mapping,P07_1521,EhormaecheiYT3_GCF000328885,0
/ptmp/mfenk/data/mf_2020_hap/batch1/refbased_2024_08/mapping,P07_1522,EhormaecheiYT3_GCF000328885,0
/ptmp/mfenk/data/mf_2020_hap/batch1/refbased_2024_08/mapping,P07_1523,EhormaecheiYT3_GCF000328885,0
/ptmp/mfenk/data/mf_2020_hap/batch1/refbased_2024_08/mapping,P07_1527,EhormaecheiYT3_GCF000328885,0
/ptmp/mfenk/data/mf_2020_hap/batch1/refbased_2024_08/mapping,P07_1529,EhormaecheiYT3_GCF000328885,0
/ptmp/mfenk/data/mf_2020_hap/batch1/refbased_2024_08/mapping,P07_1531,EhormaecheiYT3_GCF000328885,0
/ptmp/mfenk/data/mf_2020_hap/batch1/refbased_2024_08/mapping,P07_1534,EhormaecheiYT3_GCF000328885,0
/ptmp/mfenk/data/mf_2020_hap/batch1/refbased_2024_08/mapping,P07_1540,EhormaecheiYT3_GCF000328885,0
/ptmp/mfenk/data/mf_2020_hap/batch1/refbased_2024_08/mapping,P07_1541,EhormaecheiYT3_GCF000328885,0
/ptmp/mfenk/data/mf_2020_hap/batch1/refbased_2024_08/mapping,P07_1542,EhormaecheiYT3_GCF000328885,0
/ptmp/mfenk/data/mf_2020_hap/batch1/refbased_2024_08/mapping,P07_1544,EhormaecheiYT3_GCF000328885,0
/ptmp/mfenk/data/mf_2020_hap/batch1/refbased_2024_08/mapping,P07_1545,EhormaecheiYT3_GCF000328885,0
/ptmp/mfenk/data/mf_2020_hap/batch1/refbased_2024_08/mapping,P07_1546,EhormaecheiYT3_GCF000328885,0
/ptmp/mfenk/data/mf_2020_hap/batch1/refbased_2024_08/mapping,P07_1548,EhormaecheiYT3_GCF000328885,0
/ptmp/mfenk/data/mf_2020_hap/batch1/refbased_2024_08/mapping,P07_1550,EhormaecheiYT3_GCF000328885,0
/ptmp/mfenk/data/mf_2020_hap/batch1/refbased_2024_08/mapping,P07_1550_S2,EhormaecheiYT3_GCF000328885,0
/ptmp/mfenk/data/mf_2020_hap/batch1/refbased_2024_08/mapping,P07_1553,EhormaecheiYT3_GCF000328885,0
/ptmp/mfenk/data/mf_2020_hap/batch1/refbased_2024_08/mapping,P07_1553_S2,EhormaecheiYT3_GCF000328885,0
/ptmp/mfenk/data/mf_2020_hap/batch1/refbased_2024_08/mapping,P07_1554,EhormaecheiYT3_GCF000328885,0
/ptmp/mfenk/data/mf_2020_hap/batch1/refbased_2024_08/mapping,P07_1555,EhormaecheiYT3_GCF000328885,0
/ptmp/mfenk/data/mf_2020_hap/batch1/refbased_2024_08/mapping,P07_1555_S2,EhormaecheiYT3_GCF000328885,0
/ptmp/mfenk/data/mf_2020_hap/batch1/refbased_2024_08/mapping,P07_1557,EhormaecheiYT3_GCF000328885,0
/ptmp/mfenk/data/mf_2020_hap/batch1/refbased_2024_08/mapping,P07_1561,EhormaecheiYT3_GCF000328885,0
/ptmp/mfenk/data/mf_2020_hap/batch1/refbased_2024_08/mapping,P07_1562,EhormaecheiYT3_GCF000328885,0
/ptmp/mfenk/data/mf_2020_hap/batch1/refbased_2024_08/mapping,P07_1563,EhormaecheiYT3_GCF000328885,0
/ptmp/mfenk/data/mf_2020_hap/batch1/refbased_2024_08/mapping,P07_1564,EhormaecheiYT3_GCF000328885,0
/ptmp/mfenk/data/mf_2020_hap/batch1/refbased_2024_08/mapping,P07_1565,EhormaecheiYT3_GCF000328885,0
/ptmp/mfenk/data/mf_2020_hap/batch1/refbased_2024_08/mapping,P07_1581,EhormaecheiYT3_GCF000328885,0
/ptmp/mfenk/data/mf_2020_hap/batch1/refbased_2024_08/mapping,P07_1583,EhormaecheiYT3_GCF000328885,0
/ptmp/mfenk/data/mf_2020_hap/batch1/refbased_2024_08/mapping,P07_1584,EhormaecheiYT3_GCF000328885,0
/ptmp/mfenk/data/mf_2020_hap/batch1/refbased_2024_08/mapping,P07_1585,EhormaecheiYT3_GCF000328885,0
/ptmp/mfenk/data/mf_2020_hap/batch1/refbased_2024_08/mapping,P07_1586,EhormaecheiYT3_GCF000328885,0
/ptmp/mfenk/data/mf_2020_hap/batch1/refbased_2024_08/mapping,P07_2001,Apittii_ASM19114v1,0
/ptmp/mfenk/data/mf_2020_hap/batch1/refbased_2024_08/mapping,P07_2002,Apittii_ASM19114v1,0
/ptmp/mfenk/data/mf_2020_hap/batch1/refbased_2024_08/mapping,P07_2003,Apittii_ASM19114v1,0
/ptmp/mfenk/data/mf_2020_hap/batch1/refbased_2024_08/mapping,P07_2004,Apittii_ASM19114v1,0
/ptmp/mfenk/data/mf_2020_hap/batch1/refbased_2024_08/mapping,P07_2005,Apittii_ASM19114v1,0
/ptmp/mfenk/data/mf_2020_hap/batch1/refbased_2024_08/mapping,P07_2006,Apittii_ASM19114v1,0
/ptmp/mfenk/data/mf_2020_hap/batch1/refbased_2024_08/mapping,P07_2007,Apittii_ASM19114v1,0
/ptmp/mfenk/data/mf_2020_hap/batch1/refbased_2024_08/mapping,P07_2008,Apittii_ASM19114v1,0
/ptmp/mfenk/data/mf_2020_hap/batch1/refbased_2024_08/mapping,P07_2009,Apittii_ASM19114v1,0
/ptmp/mfenk/data/mf_2020_hap/batch1/refbased_2024_08/mapping,P07_2010,Apittii_ASM19114v1,0
/ptmp/mfenk/data/mf_2020_hap/batch1/refbased_2024_08/mapping,P07_2011,Apittii_ASM19114v1,0
/ptmp/mfenk/data/mf_2020_hap/batch1/refbased_2024_08/mapping,P07_2012,Apittii_ASM19114v1,0
/ptmp/mfenk/data/mf_2020_hap/batch1/refbased_2024_08/mapping,P07_2013,Apittii_ASM19114v1,0
/ptmp/mfenk/data/mf_2020_hap/batch1/refbased_2024_08/mapping,P07_2014,Apittii_ASM19114v1,0
/ptmp/mfenk/data/mf_2020_hap/batch1/refbased_2024_08/mapping,P07_2015,Apittii_ASM19114v1,0
/ptmp/mfenk/data/mf_2020_hap/batch1/refbased_2024_08/mapping,P07_2016,Apittii_ASM19114v1,0
/ptmp/mfenk/data/mf_2020_hap/batch1/refbased_2024_08/mapping,P07_2017,Apittii_ASM19114v1,0
/ptmp/mfenk/data/mf_2020_hap/batch1/refbased_2024_08/mapping,P07_2018,Apittii_ASM19114v1,0
/ptmp/mfenk/data/mf_2020_hap/batch1/refbased_2024_08/mapping,P07_2019,Apittii_ASM19114v1,0
/ptmp/mfenk/data/mf_2020_hap/batch1/refbased_2024_08/mapping,P07_2020,Apittii_ASM19114v1,0
/ptmp/mfenk/data/mf_2020_hap/batch1/refbased_2024_08/mapping,P07_2021,Apittii_ASM19114v1,0
/ptmp/mfenk/data/mf_2020_hap/batch1/refbased_2024_08/mapping,P07_2023,Apittii_ASM19114v1,0
/ptmp/mfenk/data/mf_2020_hap/batch1/refbased_2024_08/mapping,P07_2024,Apittii_ASM19114v1,0
/ptmp/mfenk/data/mf_2020_hap/batch1/refbased_2024_08/mapping,P07_2025,Apittii_ASM19114v1,0
/ptmp/mfenk/data/mf_2020_hap/batch1/refbased_2024_08/mapping,P07_2026,Apittii_ASM19114v1,0
/ptmp/mfenk/data/mf_2020_hap/batch1/refbased_2024_08/mapping,P07_2027,Apittii_ASM19114v1,0
/ptmp/mfenk/data/mf_2020_hap/batch1/refbased_2024_08/mapping,P07_2029,Apittii_ASM19114v1,0
/ptmp/mfenk/data/mf_2020_hap/batch1/refbased_2024_08/mapping,P07_2031,Apittii_ASM19114v1,0
/ptmp/mfenk/data/mf_2020_hap/batch1/refbased_2024_08/mapping,P07_2032,Apittii_ASM19114v1,0
/ptmp/mfenk/data/mf_2020_hap/batch1/refbased_2024_08/mapping,P07_2033,Apittii_ASM19114v1,0
/ptmp/mfenk/data/mf_2020_hap/batch1/refbased_2024_08/mapping,P07_2035,Apittii_ASM19114v1,0
/ptmp/mfenk/data/mf_2020_hap/batch1/refbased_2024_08/mapping,P07_2036,Apittii_ASM19114v1,0
/ptmp/mfenk/data/mf_2020_hap/batch1/refbased_2024_08/mapping,P07_2037,Apittii_ASM19114v1,0
/ptmp/mfenk/data/mf_2020_hap/batch1/refbased_2024_08/mapping,P07_2038,Apittii_ASM19114v1,0
/ptmp/mfenk/data/mf_2020_hap/batch1/refbased_2024_08/mapping,P07_2039,Apittii_ASM19114v1,0
/ptmp/mfenk/data/mf_2020_hap/batch1/refbased_2024_08/mapping,P07_2040,Apittii_ASM19114v1,0
/ptmp/mfenk/data/mf_2020_hap/batch1/refbased_2024_08/mapping,P07_2041,Apittii_ASM19114v1,0
/ptmp/mfenk/data/mf_2020_hap/batch1/refbased_2024_08/mapping,P07_2042,Apittii_ASM19114v1,0
/ptmp/mfenk/data/mf_2020_hap/batch1/refbased_2024_08/mapping,P07_2048,EhormaecheiYT3_GCF000328885,0
/ptmp/mfenk/data/mf_2020_hap/batch1/refbased_2024_08/mapping,P07_2048_S2,EhormaecheiYT3_GCF000328885,0
/ptmp/mfenk/data/mf_2020_hap/batch1/refbased_2024_08/mapping,P07_2049,EhormaecheiYT3_GCF000328885,0
/ptmp/mfenk/data/mf_2020_hap/batch1/refbased_2024_08/mapping,P07_2049_S2,EhormaecheiYT3_GCF000328885,0
/ptmp/mfenk/data/mf_2020_hap/batch1/refbased_2024_08/mapping,P07_2050,EhormaecheiYT3_GCF000328885,0
/ptmp/mfenk/data/mf_2020_hap/batch1/refbased_2024_08/mapping,P07_2050_S2,EhormaecheiYT3_GCF000328885,0
/ptmp/mfenk/data/mf_2020_hap/batch1/refbased_2024_08/mapping,P07_2051,EhormaecheiYT3_GCF000328885,0
/ptmp/mfenk/data/mf_2020_hap/batch1/refbased_2024_08/mapping,P07_2052,EhormaecheiYT3_GCF000328885,0
/ptmp/mfenk/data/mf_2020_hap/batch1/refbased_2024_08/mapping,P07_2052_S2,EhormaecheiYT3_GCF000328885,0
/ptmp/mfenk/data/mf_2020_hap/batch1/refbased_2024_08/mapping,P07_2053,EhormaecheiYT3_GCF000328885,0
/ptmp/mfenk/data/mf_2020_hap/batch1/refbased_2024_08/mapping,P07_2054,EhormaecheiYT3_GCF000328885,0
/ptmp/mfenk/data/mf_2020_hap/batch1/refbased_2024_08/mapping,P07_2055,EhormaecheiYT3_GCF000328885,0
/ptmp/mfenk/data/mf_2020_hap/batch1/refbased_2024_08/mapping,P07_2055_S2,EhormaecheiYT3_GCF000328885,0
/ptmp/mfenk/data/mf_2020_hap/batch1/refbased_2024_08/mapping,P07_2056,EhormaecheiYT3_GCF000328885,0
/ptmp/mfenk/data/mf_2020_hap/batch1/refbased_2024_08/mapping,P07_2057,EhormaecheiYT3_GCF000328885,0
/ptmp/mfenk/data/mf_2020_hap/batch1/refbased_2024_08/mapping,P07_2057_S2,EhormaecheiYT3_GCF000328885,0
/ptmp/mfenk/data/mf_2020_hap/batch1/refbased_2024_08/mapping,P07_2061,EhormaecheiYT3_GCF000328885,0
/ptmp/mfenk/data/mf_2020_hap/batch1/refbased_2024_08/mapping,P07_2219,EhormaecheiYT3_GCF000328885,0
/ptmp/mfenk/data/mf_2020_hap/batch1/refbased_2024_08/mapping,P07_2220,EhormaecheiYT3_GCF000328885,0
/ptmp/mfenk/data/mf_2020_hap/batch1/refbased_2024_08/mapping,P07_2221,EhormaecheiYT3_GCF000328885,0
/ptmp/mfenk/data/mf_2020_hap/batch1/refbased_2024_08/mapping,P07_2221_S2,EhormaecheiYT3_GCF000328885,0
/ptmp/mfenk/data/mf_2020_hap/batch1/refbased_2024_08/mapping,P07_2222,EhormaecheiYT3_GCF000328885,0
/ptmp/mfenk/data/mf_2020_hap/batch1/refbased_2024_08/mapping,P07_2223,EhormaecheiYT3_GCF000328885,0
/ptmp/mfenk/data/mf_2020_hap/batch1/refbased_2024_08/mapping,P07_2224,EhormaecheiYT3_GCF000328885,0
/ptmp/mfenk/data/mf_2020_hap/batch1/refbased_2024_08/mapping,P07_2225,EhormaecheiYT3_GCF000328885,0
/ptmp/mfenk/data/mf_2020_hap/batch1/refbased_2024_08/mapping,P07_2226,EhormaecheiYT3_GCF000328885,0
/ptmp/mfenk/data/mf_2020_hap/batch1/refbased_2024_08/mapping,P07_2227,EhormaecheiYT3_GCF000328885,0
/ptmp/mfenk/data/mf_2020_hap/batch1/refbased_2024_08/mapping,P07_2228,EhormaecheiYT3_GCF000328885,0
/ptmp/mfenk/data/mf_2020_hap/batch1/refbased_2024_08/mapping,P07_2229,EhormaecheiYT3_GCF000328885,0
/ptmp/mfenk/data/mf_2020_hap/batch1/refbased_2024_08/mapping,P07_2230,EhormaecheiYT3_GCF000328885,0
/ptmp/mfenk/data/mf_2020_hap/batch1/refbased_2024_08/mapping,P07_2231,EhormaecheiYT3_GCF000328885,0
/ptmp/mfenk/data/mf_2020_hap/batch1/refbased_2024_08/mapping,P07_2232,EhormaecheiYT3_GCF000328885,0
/ptmp/mfenk/data/mf_2020_hap/batch1/refbased_2024_08/mapping,P07_2233,EhormaecheiYT3_GCF000328885,0
/ptmp/mfenk/data/mf_2020_hap/batch1/refbased_2024_08/mapping,P07_2234,EhormaecheiYT3_GCF000328885,0
/ptmp/mfenk/data/mf_2020_hap/batch1/refbased_2024_08/mapping,P07_2235,EhormaecheiYT3_GCF000328885,0
/ptmp/mfenk/data/mf_2020_hap/batch1/refbased_2024_08/mapping,P07_2236,EhormaecheiYT3_GCF000328885,0
/ptmp/mfenk/data/mf_2020_hap/batch1/refbased_2024_08/mapping,P07_2237,EhormaecheiYT3_GCF000328885,0
/ptmp/mfenk/data/mf_2020_hap/batch1/refbased_2024_08/mapping,P07_2237_S2,EhormaecheiYT3_GCF000328885,0
/ptmp/mfenk/data/mf_2020_hap/batch1/refbased_2024_08/mapping,P07_2238,EhormaecheiYT3_GCF000328885,0
/ptmp/mfenk/data/mf_2020_hap/batch1/refbased_2024_08/mapping,P07_2239,EhormaecheiYT3_GCF000328885,0
/ptmp/mfenk/data/mf_2020_hap/batch1/refbased_2024_08/mapping,P07_2240,EhormaecheiYT3_GCF000328885,0
/ptmp/mfenk/data/mf_2020_hap/batch1/refbased_2024_08/mapping,P07_2240_S2,EhormaecheiYT3_GCF000328885,0
/ptmp/mfenk/data/mf_2020_hap/batch1/refbased_2024_08/mapping,P07_2241,EhormaecheiYT3_GCF000328885,0
/ptmp/mfenk/data/mf_2020_hap/batch1/refbased_2024_08/mapping,P07_2243,EhormaecheiYT3_GCF000328885,0
/ptmp/mfenk/data/mf_2020_hap/batch1/refbased_2024_08/mapping,P07_2245,EhormaecheiYT3_GCF000328885,0
/ptmp/mfenk/data/mf_2020_hap/batch1/refbased_2024_08/mapping,P07_2246,EhormaecheiYT3_GCF000328885,0
/ptmp/mfenk/data/mf_2020_hap/batch1/refbased_2024_08/mapping,P07_2247,EhormaecheiYT3_GCF000328885,0
/ptmp/mfenk/data/mf_2020_hap/batch1/refbased_2024_08/mapping,P07_2248,EhormaecheiYT3_GCF000328885,0
/ptmp/mfenk/data/mf_2020_hap/batch1/refbased_2024_08/mapping,P07_2249,EhormaecheiYT3_GCF000328885,0
/ptmp/mfenk/data/mf_2020_hap/batch1/refbased_2024_08/mapping,P07_2250,EhormaecheiYT3_GCF000328885,0
/ptmp/mfenk/data/mf_2020_hap/batch1/refbased_2024_08/mapping,P07_2251,EhormaecheiYT3_GCF000328885,0
/ptmp/mfenk/data/mf_2020_hap/batch1/refbased_2024_08/mapping,P07_2253,EhormaecheiYT3_GCF000328885,0
/ptmp/mfenk/data/mf_2020_hap/batch1/refbased_2024_08/mapping,P07_2254,EhormaecheiYT3_GCF000328885,0
/ptmp/mfenk/data/mf_2020_hap/batch1/refbased_2024_08/mapping,P07_2255,EhormaecheiYT3_GCF000328885,0
/ptmp/mfenk/data/mf_2020_hap/batch1/refbased_2024_08/mapping,P07_2255_S2,EhormaecheiYT3_GCF000328885,0
/ptmp/mfenk/data/mf_2020_hap/batch1/refbased_2024_08/mapping,P07_2256,EhormaecheiYT3_GCF000328885,0
/ptmp/mfenk/data/mf_2020_hap/batch1/refbased_2024_08/mapping,P07_2257,EhormaecheiYT3_GCF000328885,0
/ptmp/mfenk/data/mf_2020_hap/batch1/refbased_2024_08/mapping,P07_2258,EhormaecheiYT3_GCF000328885,0
/ptmp/mfenk/data/mf_2020_hap/batch1/refbased_2024_08/mapping,P07_2259,EhormaecheiYT3_GCF000328885,0
/ptmp/mfenk/data/mf_2020_hap/batch1/refbased_2024_08/mapping,P07_2260,EhormaecheiYT3_GCF000328885,0
/ptmp/mfenk/data/mf_2020_hap/batch1/refbased_2024_08/mapping,P07_2265,EhormaecheiYT3_GCF000328885,0
/ptmp/mfenk/data/mf_2020_hap/batch1/refbased_2024_08/mapping,P07_2265_S2,EhormaecheiYT3_GCF000328885,0
/ptmp/mfenk/data/mf_2020_hap/batch1/refbased_2024_08/mapping,P07_2301,Apittii_ASM19114v1,0
/ptmp/mfenk/data/mf_2020_hap/batch1/refbased_2024_08/mapping,P07_2302,Apittii_ASM19114v1,0
/ptmp/mfenk/data/mf_2020_hap/batch1/refbased_2024_08/mapping,P07_2637,Bthetaiotaomicron_ASM1413175v1,0
/ptmp/mfenk/data/mf_2020_hap/batch1/refbased_2024_08/mapping,P07_2638,Bthetaiotaomicron_ASM1413175v1,0
/ptmp/mfenk/data/mf_2020_hap/batch1/refbased_2024_08/mapping,P07_2639,Bthetaiotaomicron_ASM1413175v1,0
/ptmp/mfenk/data/mf_2020_hap/batch1/refbased_2024_08/mapping,P07_2640,Bthetaiotaomicron_ASM1413175v1,0
/ptmp/mfenk/data/mf_2020_hap/batch1/refbased_2024_08/mapping,P07_2641,Bthetaiotaomicron_ASM1413175v1,0
/ptmp/mfenk/data/mf_2020_hap/batch1/refbased_2024_08/mapping,P07_2644,Bthetaiotaomicron_ASM1413175v1,0
/ptmp/mfenk/data/mf_2020_hap/batch1/refbased_2024_08/mapping,P07_2645,Bthetaiotaomicron_ASM1413175v1,0
/ptmp/mfenk/data/mf_2020_hap/batch1/refbased_2024_08/mapping,P07_2646,Bthetaiotaomicron_ASM1413175v1,0
/ptmp/mfenk/data/mf_2020_hap/batch1/refbased_2024_08/mapping,P07_2647,Bthetaiotaomicron_ASM1413175v1,0
/ptmp/mfenk/data/mf_2020_hap/batch1/refbased_2024_08/mapping,P07_2648,Bthetaiotaomicron_ASM1413175v1,0
/ptmp/mfenk/data/mf_2020_hap/batch1/refbased_2024_08/mapping,P07_2649,Bthetaiotaomicron_ASM1413175v1,0
/ptmp/mfenk/data/mf_2020_hap/batch1/refbased_2024_08/mapping,P07_2651,Bthetaiotaomicron_ASM1413175v1,0
/ptmp/mfenk/data/mf_2020_hap/batch1/refbased_2024_08/mapping,P07_2652,Bthetaiotaomicron_ASM1413175v1,0
/ptmp/mfenk/data/mf_2020_hap/batch1/refbased_2024_08/mapping,P07_2653,Bthetaiotaomicron_ASM1413175v1,0
/ptmp/mfenk/data/mf_2020_hap/batch1/refbased_2024_08/mapping,P07_2655,Bthetaiotaomicron_ASM1413175v1,0
/ptmp/mfenk/data/mf_2020_hap/batch1/refbased_2024_08/mapping,P07_2658,Bthetaiotaomicron_ASM1413175v1,0
/ptmp/mfenk/data/mf_2020_hap/batch1/refbased_2024_08/mapping,P07_2725,Bthetaiotaomicron_ASM1413175v1,0
/ptmp/mfenk/data/mf_2020_hap/batch1/refbased_2024_08/mapping,P07_2726,Bthetaiotaomicron_ASM1413175v1,0
/ptmp/mfenk/data/mf_2020_hap/batch1/refbased_2024_08/mapping,P07_2728,Bthetaiotaomicron_ASM1413175v1,0
/ptmp/mfenk/data/mf_2020_hap/batch1/refbased_2024_08/mapping,P07_2730,Bthetaiotaomicron_ASM1413175v1,0
/ptmp/mfenk/data/mf_2020_hap/batch1/refbased_2024_08/mapping,P07_3301,Ecoli_ASM886v2,0
/ptmp/mfenk/data/mf_2020_hap/batch1/refbased_2024_08/mapping,P07_3301_S2,Ecoli_ASM886v2,0
/ptmp/mfenk/data/mf_2020_hap/batch1/refbased_2024_08/mapping,P07_3302,Ecoli_ASM886v2,0
/ptmp/mfenk/data/mf_2020_hap/batch1/refbased_2024_08/mapping,P07_3303,Ecoli_ASM886v2,0
/ptmp/mfenk/data/mf_2020_hap/batch1/refbased_2024_08/mapping,P07_3303_S2,Ecoli_ASM886v2,0
/ptmp/mfenk/data/mf_2020_hap/batch1/refbased_2024_08/mapping,P07_3304,Ecoli_ASM886v2,0
/ptmp/mfenk/data/mf_2020_hap/batch1/refbased_2024_08/mapping,P07_3305,Ecoli_ASM886v2,0
/ptmp/mfenk/data/mf_2020_hap/batch1/refbased_2024_08/mapping,P07_3328,Ecoli_ASM886v2,0
/ptmp/mfenk/data/mf_2020_hap/batch1/refbased_2024_08/mapping,P07_3329,Ecoli_ASM886v2,0
/ptmp/mfenk/data/mf_2020_hap/batch1/refbased_2024_08/mapping,P07_3329_S2,Ecoli_ASM886v2,0
/ptmp/mfenk/data/mf_2020_hap/batch1/refbased_2024_08/mapping,P07_3333,Ecoli_ASM886v2,0
/ptmp/mfenk/data/mf_2020_hap/batch1/refbased_2024_08/mapping,P07_3336,Ecoli_ASM886v2,0
/ptmp/mfenk/data/mf_2020_hap/batch1/refbased_2024_08/mapping,P07_3336_S2,Ecoli_ASM886v2,0
/ptmp/mfenk/data/mf_2020_hap/batch1/refbased_2024_08/mapping,P07_3338,Ecoli_ASM886v2,0
/ptmp/mfenk/data/mf_2020_hap/batch1/refbased_2024_08/mapping,P07_3338_S2,Ecoli_ASM886v2,0
/ptmp/mfenk/data/mf_2020_hap/batch1/refbased_2024_08/mapping,P07_3339,Ecoli_ASM886v2,0
/ptmp/mfenk/data/mf_2020_hap/batch1/refbased_2024_08/mapping,P07_3341,Ecoli_ASM886v2,0
/ptmp/mfenk/data/mf_2020_hap/batch1/refbased_2024_08/mapping,P07_3343,Ecoli_ASM886v2,0
/ptmp/mfenk/data/mf_2020_hap/batch1/refbased_2024_08/mapping,P07_3345,Ecoli_ASM886v2,0
/ptmp/mfenk/data/mf_2020_hap/batch1/refbased_2024_08/mapping,P07_3346,Ecoli_ASM886v2,0
/ptmp/mfenk/data/mf_2020_hap/batch1/refbased_2024_08/mapping,P07_3347,Ecoli_ASM886v2,0
/ptmp/mfenk/data/mf_2020_hap/batch1/refbased_2024_08/mapping,P07_3348,Ecoli_ASM886v2,0
/ptmp/mfenk/data/mf_2020_hap/batch1/refbased_2024_08/mapping,P07_3349,Ecoli_ASM886v2,0
/ptmp/mfenk/data/mf_2020_hap/batch1/refbased_2024_08/mapping,P07_3350,Ecoli_ASM886v2,0
/ptmp/mfenk/data/mf_2020_hap/batch1/refbased_2024_08/mapping,P07_3350_S2,Ecoli_ASM886v2,0
/ptmp/mfenk/data/mf_2020_hap/batch1/refbased_2024_08/mapping,P07_3352,Ecoli_ASM886v2,0
/ptmp/mfenk/data/mf_2020_hap/batch1/refbased_2024_08/mapping,P07_3353,Ecoli_ASM886v2,0
/ptmp/mfenk/data/mf_2020_hap/batch1/refbased_2024_08/mapping,P07_3353_S2,Ecoli_ASM886v2,0
/ptmp/mfenk/data/mf_2020_hap/batch1/refbased_2024_08/mapping,P07_3355,Ecoli_ASM886v2,0
/ptmp/mfenk/data/mf_2020_hap/batch1/refbased_2024_08/mapping,P07_3356,Ecoli_ASM886v2,0
/ptmp/mfenk/data/mf_2020_hap/batch1/refbased_2024_08/mapping,P07_3357,Ecoli_ASM886v2,0
/ptmp/mfenk/data/mf_2020_hap/batch1/refbased_2024_08/mapping,P07_3357_S2,Ecoli_ASM886v2,0
/ptmp/mfenk/data/mf_2020_hap/batch1/refbased_2024_08/mapping,P07_3358,Ecoli_ASM886v2,0
/ptmp/mfenk/data/mf_2020_hap/batch1/refbased_2024_08/mapping,P07_3359,Ecoli_ASM886v2,0
/ptmp/mfenk/data/mf_2020_hap/batch1/refbased_2024_08/mapping,P07_3360,Ecoli_ASM886v2,0
/ptmp/mfenk/data/mf_2020_hap/batch1/refbased_2024_08/mapping,P07_3361,Ecoli_ASM886v2,0
/ptmp/mfenk/data/mf_2020_hap/batch1/refbased_2024_08/mapping,P07_3362,Ecoli_ASM886v2,0
/ptmp/mfenk/data/mf_2020_hap/batch1/refbased_2024_08/mapping,P07_3362_S2,Ecoli_ASM886v2,0
/ptmp/mfenk/data/mf_2020_hap/batch1/refbased_2024_08/mapping,P07_3366,Ecoli_ASM886v2,0
/ptmp/mfenk/data/mf_2020_hap/batch1/refbased_2024_08/mapping,P07_3366_S2,Ecoli_ASM886v2,0
/ptmp/mfenk/data/mf_2020_hap/batch1/refbased_2024_08/mapping,P07_3367,Ecoli_ASM886v2,0
/ptmp/mfenk/data/mf_2020_hap/batch1/refbased_2024_08/mapping,P07_3397,Ecoli_ASM886v2,0
/ptmp/mfenk/data/mf_2020_hap/batch1/refbased_2024_08/mapping,P07_3400,Ecoli_ASM886v2,0
/ptmp/mfenk/data/mf_2020_hap/batch1/refbased_2024_08/mapping,P07_3400_S2,Ecoli_ASM886v2,0
/ptmp/mfenk/data/mf_2020_hap/batch1/refbased_2024_08/mapping,P07_3450,Ecoli_ASM886v2,0
/ptmp/mfenk/data/mf_2020_hap/batch1/refbased_2024_08/mapping,P07_3450_S2,Ecoli_ASM886v2,0
/ptmp/mfenk/data/mf_2020_hap/batch1/refbased_2024_08/mapping,P07_3451,Ecoli_ASM886v2,0
/ptmp/mfenk/data/mf_2020_hap/batch1/refbased_2024_08/mapping,P07_3452,Ecoli_ASM886v2,0
/ptmp/mfenk/data/mf_2020_hap/batch1/refbased_2024_08/mapping,P07_3453,Ecoli_ASM886v2,0
/ptmp/mfenk/data/mf_2020_hap/batch1/refbased_2024_08/mapping,P07_3453_S2,Ecoli_ASM886v2,0
/ptmp/mfenk/data/mf_2020_hap/batch1/refbased_2024_08/mapping,P07_3454,Ecoli_ASM886v2,0
/ptmp/mfenk/data/mf_2020_hap/batch1/refbased_2024_08/mapping,P07_3455,Ecoli_ASM886v2,0
/ptmp/mfenk/data/mf_2020_hap/batch1/refbased_2024_08/mapping,P07_3456,Ecoli_ASM886v2,0
/ptmp/mfenk/data/mf_2020_hap/batch1/refbased_2024_08/mapping,P07_3457,Ecoli_ASM886v2,0
/ptmp/mfenk/data/mf_2020_hap/batch1/refbased_2024_08/mapping,P07_3457_S2,Ecoli_ASM886v2,0
/ptmp/mfenk/data/mf_2020_hap/batch1/refbased_2024_08/mapping,P07_3458,Ecoli_ASM886v2,0
/ptmp/mfenk/data/mf_2020_hap/batch1/refbased_2024_08/mapping,P07_3459,Ecoli_ASM886v2,0
/ptmp/mfenk/data/mf_2020_hap/batch1/refbased_2024_08/mapping,P07_3460,Ecoli_ASM886v2,0
/ptmp/mfenk/data/mf_2020_hap/batch1/refbased_2024_08/mapping,P07_3461,Ecoli_ASM886v2,0
/ptmp/mfenk/data/mf_2020_hap/batch1/refbased_2024_08/mapping,P07_3786,Ecoli_ASM886v2,0
/ptmp/mfenk/data/mf_2020_hap/batch1/refbased_2024_08/mapping,P07_3786_S2,Ecoli_ASM886v2,0
/ptmp/mfenk/data/mf_2020_hap/batch1/refbased_2024_08/mapping,P07_3787,Ecoli_ASM886v2,0
/ptmp/mfenk/data/mf_2020_hap/batch1/refbased_2024_08/mapping,P07_3788,Ecoli_ASM886v2,0
/ptmp/mfenk/data/mf_2020_hap/batch1/refbased_2024_08/mapping,P07_3789,Ecoli_ASM886v2,0
/ptmp/mfenk/data/mf_2020_hap/batch1/refbased_2024_08/mapping,P07_3790,Ecoli_ASM886v2,0
/ptmp/mfenk/data/mf_2020_hap/batch1/refbased_2024_08/mapping,P07_MIBI101,Bthetaiotaomicron_ASM1413175v1,0
/ptmp/mfenk/data/mf_2020_hap/batch1/refbased_2024_08/mapping,P07_MIBI103,Bthetaiotaomicron_ASM1413175v1,0
/ptmp/mfenk/data/mf_2020_hap/batch1/refbased_2024_08/mapping,P07_MIBI87,Bthetaiotaomicron_ASM1413175v1,0
/ptmp/mfenk/data/mf_2020_hap/batch1/refbased_2024_08/mapping,P07_MIBI88,Bthetaiotaomicron_ASM1413175v1,0
/ptmp/mfenk/data/mf_2020_hap/batch1/refbased_2024_08/mapping,P07_MIBI89,Bthetaiotaomicron_ASM1413175v1,0
/ptmp/mfenk/data/mf_2020_hap/batch1/refbased_2024_08/mapping,P07_MIBI91,Bthetaiotaomicron_ASM1413175v1,0
/ptmp/mfenk/data/mf_2020_hap/batch1/refbased_2024_08/mapping,P07_MIBI93,Bthetaiotaomicron_ASM1413175v1,0
/ptmp/mfenk/data/mf_2020_hap/batch1/refbased_2024_08/mapping,P07_MIBI95,Bthetaiotaomicron_ASM1413175v1,0
/ptmp/mfenk/data/mf_2020_hap/batch1/refbased_2024_08/mapping,P07_MIBI97,Bthetaiotaomicron_ASM1413175v1,0
/ptmp/mfenk/data/mf_2020_hap/batch1/refbased_2024_08/mapping,P07_MIBI99,Bthetaiotaomicron_ASM1413175v1,0
/ptmp/mfenk/data/mf_2020_hap/batch1/refbased_2024_08/mapping,P10_0025,Kmichiganensis_ASM1513957v1,0
/ptmp/mfenk/data/mf_2020_hap/batch1/refbased_2024_08/mapping,P10_0026,Kmichiganensis_ASM1513957v1,0
/ptmp/mfenk/data/mf_2020_hap/batch1/refbased_2024_08/mapping,P10_0027,Kmichiganensis_ASM1513957v1,0
/ptmp/mfenk/data/mf_2020_hap/batch1/refbased_2024_08/mapping,P10_0028,Kmichiganensis_ASM1513957v1,0
/ptmp/mfenk/data/mf_2020_hap/batch1/refbased_2024_08/mapping,P10_0029,Kmichiganensis_ASM1513957v1,0
/ptmp/mfenk/data/mf_2020_hap/batch1/refbased_2024_08/mapping,P10_0030,Kmichiganensis_ASM1513957v1,0
/ptmp/mfenk/data/mf_2020_hap/batch1/refbased_2024_08/mapping,P10_0031,Kmichiganensis_ASM1513957v1,0
/ptmp/mfenk/data/mf_2020_hap/batch1/refbased_2024_08/mapping,P10_0032,Kmichiganensis_ASM1513957v1,0
/ptmp/mfenk/data/mf_2020_hap/batch1/refbased_2024_08/mapping,P10_0033,Kmichiganensis_ASM1513957v1,0
/ptmp/mfenk/data/mf_2020_hap/batch1/refbased_2024_08/mapping,P10_0034,Kmichiganensis_ASM1513957v1,0
/ptmp/mfenk/data/mf_2020_hap/batch1/refbased_2024_08/mapping,P10_0035,Kmichiganensis_ASM1513957v1,0
/ptmp/mfenk/data/mf_2020_hap/batch1/refbased_2024_08/mapping,P10_0036,Kmichiganensis_ASM1513957v1,0
/ptmp/mfenk/data/mf_2020_hap/batch1/refbased_2024_08/mapping,P10_0037,Kmichiganensis_ASM1513957v1,0
/ptmp/mfenk/data/mf_2020_hap/batch1/refbased_2024_08/mapping,P10_0038,Kmichiganensis_ASM1513957v1,0
/ptmp/mfenk/data/mf_2020_hap/batch1/refbased_2024_08/mapping,P10_0039,Kmichiganensis_ASM1513957v1,0
/ptmp/mfenk/data/mf_2020_hap/batch1/refbased_2024_08/mapping,P10_0040,Kmichiganensis_ASM1513957v1,0
/ptmp/mfenk/data/mf_2020_hap/batch1/refbased_2024_08/mapping,P10_0041,Kmichiganensis_ASM1513957v1,0
/ptmp/mfenk/data/mf_2020_hap/batch1/refbased_2024_08/mapping,P10_0042,Kmichiganensis_ASM1513957v1,0
/ptmp/mfenk/data/mf_2020_hap/batch1/refbased_2024_08/mapping,P10_0043,Kmichiganensis_ASM1513957v1,0
/ptmp/mfenk/data/mf_2020_hap/batch1/refbased_2024_08/mapping,P10_0044,Kmichiganensis_ASM1513957v1,0
/ptmp/mfenk/data/mf_2020_hap/batch1/refbased_2024_08/mapping,P10_0057,Kmichiganensis_ASM1513957v1,0
/ptmp/mfenk/data/mf_2020_hap/batch1/refbased_2024_08/mapping,P10_0058,Kmichiganensis_ASM1513957v1,0
/ptmp/mfenk/data/mf_2020_hap/batch1/refbased_2024_08/mapping,P10_0059,Kmichiganensis_ASM1513957v1,0
/ptmp/mfenk/data/mf_2020_hap/batch1/refbased_2024_08/mapping,P10_0060,Kmichiganensis_ASM1513957v1,0
/ptmp/mfenk/data/mf_2020_hap/batch1/refbased_2024_08/mapping,P10_0061,Kmichiganensis_ASM1513957v1,0
/ptmp/mfenk/data/mf_2020_hap/batch1/refbased_2024_08/mapping,P10_0062,Kmichiganensis_ASM1513957v1,0
/ptmp/mfenk/data/mf_2020_hap/batch1/refbased_2024_08/mapping,P10_0063,Kmichiganensis_ASM1513957v1,0
/ptmp/mfenk/data/mf_2020_hap/batch1/refbased_2024_08/mapping,P10_0064,Kmichiganensis_ASM1513957v1,0
/ptmp/mfenk/data/mf_2020_hap/batch1/refbased_2024_08/mapping,P10_0065,Kmichiganensis_ASM1513957v1,0
/ptmp/mfenk/data/mf_2020_hap/batch1/refbased_2024_08/mapping,P10_0066,Kmichiganensis_ASM1513957v1,0
/ptmp/mfenk/data/mf_2020_hap/batch1/refbased_2024_08/mapping,P10_0067,Kmichiganensis_ASM1513957v1,0
/ptmp/mfenk/data/mf_2020_hap/batch1/refbased_2024_08/mapping,P10_0068,Kmichiganensis_ASM1513957v1,0
/ptmp/mfenk/data/mf_2020_hap/batch1/refbased_2024_08/mapping,P10_0069,Kmichiganensis_ASM1513957v1,0
/ptmp/mfenk/data/mf_2020_hap/batch1/refbased_2024_08/mapping,P10_0070,Kmichiganensis_ASM1513957v1,0
/ptmp/mfenk/data/mf_2020_hap/batch1/refbased_2024_08/mapping,P10_0071,Kmichiganensis_ASM1513957v1,0
/ptmp/mfenk/data/mf_2020_hap/batch1/refbased_2024_08/mapping,P10_0072,Kmichiganensis_ASM1513957v1,0
/ptmp/mfenk/data/mf_2020_hap/batch1/refbased_2024_08/mapping,P10_0073,Kmichiganensis_ASM1513957v1,0
/ptmp/mfenk/data/mf_2020_hap/batch1/refbased_2024_08/mapping,P10_0074,Kmichiganensis_ASM1513957v1,0
/ptmp/mfenk/data/mf_2020_hap/batch1/refbased_2024_08/mapping,P10_0075,Kmichiganensis_ASM1513957v1,0
/ptmp/mfenk/data/mf_2020_hap/batch1/refbased_2024_08/mapping,P10_0076,Kmichiganensis_ASM1513957v1,0
/ptmp/mfenk/data/mf_2020_hap/batch1/refbased_2024_08/mapping,P10_0321,Smaltophilia_GCF900475405,0
/ptmp/mfenk/data/mf_2020_hap/batch1/refbased_2024_08/mapping,P10_1025,Kmichiganensis_ASM1513957v1,0
/ptmp/mfenk/data/mf_2020_hap/batch1/refbased_2024_08/mapping,P10_1026,Kmichiganensis_ASM1513957v1,0
/ptmp/mfenk/data/mf_2020_hap/batch1/refbased_2024_08/mapping,P10_1027,Kmichiganensis_ASM1513957v1,0
/ptmp/mfenk/data/mf_2020_hap/batch1/refbased_2024_08/mapping,P10_1028,Kmichiganensis_ASM1513957v1,0
/ptmp/mfenk/data/mf_2020_hap/batch1/refbased_2024_08/mapping,P10_1029,Kmichiganensis_ASM1513957v1,0
/ptmp/mfenk/data/mf_2020_hap/batch1/refbased_2024_08/mapping,P10_1030,Kmichiganensis_ASM1513957v1,0
/ptmp/mfenk/data/mf_2020_hap/batch1/refbased_2024_08/mapping,P10_1031,Kmichiganensis_ASM1513957v1,0
/ptmp/mfenk/data/mf_2020_hap/batch1/refbased_2024_08/mapping,P10_1032,Kmichiganensis_ASM1513957v1,0
/ptmp/mfenk/data/mf_2020_hap/batch1/refbased_2024_08/mapping,P10_1033,Kmichiganensis_ASM1513957v1,0
/ptmp/mfenk/data/mf_2020_hap/batch1/refbased_2024_08/mapping,P10_1034,Kmichiganensis_ASM1513957v1,0
/ptmp/mfenk/data/mf_2020_hap/batch1/refbased_2024_08/mapping,P10_1035,Kmichiganensis_ASM1513957v1,0
/ptmp/mfenk/data/mf_2020_hap/batch1/refbased_2024_08/mapping,P10_1036,Kmichiganensis_ASM1513957v1,0
/ptmp/mfenk/data/mf_2020_hap/batch1/refbased_2024_08/mapping,P10_1037,Kmichiganensis_ASM1513957v1,0
/ptmp/mfenk/data/mf_2020_hap/batch1/refbased_2024_08/mapping,P10_1038,Kmichiganensis_ASM1513957v1,0
/ptmp/mfenk/data/mf_2020_hap/batch1/refbased_2024_08/mapping,P10_1039,Kmichiganensis_ASM1513957v1,0
/ptmp/mfenk/data/mf_2020_hap/batch1/refbased_2024_08/mapping,P10_1040,Kmichiganensis_ASM1513957v1,0
/ptmp/mfenk/data/mf_2020_hap/batch1/refbased_2024_08/mapping,P10_1041,Kmichiganensis_ASM1513957v1,0
/ptmp/mfenk/data/mf_2020_hap/batch1/refbased_2024_08/mapping,P10_1042,Kmichiganensis_ASM1513957v1,0
/ptmp/mfenk/data/mf_2020_hap/batch1/refbased_2024_08/mapping,P10_1043,Kmichiganensis_ASM1513957v1,0
/ptmp/mfenk/data/mf_2020_hap/batch1/refbased_2024_08/mapping,P10_1044,Kmichiganensis_ASM1513957v1,0
/ptmp/mfenk/data/mf_2020_hap/batch1/refbased_2024_08/mapping,P21_0001,Pmirabilis_ASM6996v1,0
/ptmp/mfenk/data/mf_2020_hap/batch1/refbased_2024_08/mapping,P21_0002,Pmirabilis_ASM6996v1,0
/ptmp/mfenk/data/mf_2020_hap/batch1/refbased_2024_08/mapping,P21_0005,Pmirabilis_ASM6996v1,0
/ptmp/mfenk/data/mf_2020_hap/batch1/refbased_2024_08/mapping,P21_0006,Pmirabilis_ASM6996v1,0
/ptmp/mfenk/data/mf_2020_hap/batch1/refbased_2024_08/mapping,P21_0007,Pmirabilis_ASM6996v1,0
/ptmp/mfenk/data/mf_2020_hap/batch1/refbased_2024_08/mapping,P21_0008,Pmirabilis_ASM6996v1,0
/ptmp/mfenk/data/mf_2020_hap/batch1/refbased_2024_08/mapping,P21_0012,Pmirabilis_ASM6996v1,0
/ptmp/mfenk/data/mf_2020_hap/batch1/refbased_2024_08/mapping,P21_0019,Pmirabilis_ASM6996v1,0
/ptmp/mfenk/data/mf_2020_hap/batch1/refbased_2024_08/mapping,P21_0020,Pmirabilis_ASM6996v1,0
/ptmp/mfenk/data/mf_2020_hap/batch1/refbased_2024_08/mapping,P21_0021,Pmirabilis_ASM6996v1,0
/ptmp/mfenk/data/mf_2020_hap/batch1/refbased_2024_08/mapping,P21_0023,Pmirabilis_ASM6996v1,0
/ptmp/mfenk/data/mf_2020_hap/batch1/refbased_2024_08/mapping,P21_0024,Pmirabilis_ASM6996v1,0
/ptmp/mfenk/data/mf_2020_hap/batch1/refbased_2024_08/mapping,P21_0025,Pmirabilis_ASM6996v1,0
/ptmp/mfenk/data/mf_2020_hap/batch1/refbased_2024_08/mapping,P21_0026,Pmirabilis_ASM6996v1,0
/ptmp/mfenk/data/mf_2020_hap/batch1/refbased_2024_08/mapping,P21_0027,Pmirabilis_ASM6996v1,0
/ptmp/mfenk/data/mf_2020_hap/batch1/refbased_2024_08/mapping,P21_0032,Pmirabilis_ASM6996v1,0
/ptmp/mfenk/data/mf_2020_hap/batch1/refbased_2024_08/mapping,P21_0034,Pmirabilis_ASM6996v1,0
/ptmp/mfenk/data/mf_2020_hap/batch1/refbased_2024_08/mapping,P21_0035,Pmirabilis_ASM6996v1,0
/ptmp/mfenk/data/mf_2020_hap/batch1/refbased_2024_08/mapping,P21_0036,Pmirabilis_ASM6996v1,0
/ptmp/mfenk/data/mf_2020_hap/batch1/refbased_2024_08/mapping,P21_0041,Ecoli_ASM886v2,0
/ptmp/mfenk/data/mf_2020_hap/batch1/refbased_2024_08/mapping,P21_0042,Ecoli_ASM886v2,0
/ptmp/mfenk/data/mf_2020_hap/batch1/refbased_2024_08/mapping,P21_0043,Pmirabilis_ASM6996v1,0
/ptmp/mfenk/data/mf_2020_hap/batch1/refbased_2024_08/mapping,P21_0043_S2,Pmirabilis_ASM6996v1,0
/ptmp/mfenk/data/mf_2020_hap/batch1/refbased_2024_08/mapping,P21_0044,Ecoli_ASM886v2,0
/ptmp/mfenk/data/mf_2020_hap/batch1/refbased_2024_08/mapping,P21_0045,Ecoli_ASM886v2,0
/ptmp/mfenk/data/mf_2020_hap/batch1/refbased_2024_08/mapping,P21_0046,Ecoli_ASM886v2,0
/ptmp/mfenk/data/mf_2020_hap/batch1/refbased_2024_08/mapping,P21_0047,Ecoli_ASM886v2,0
/ptmp/mfenk/data/mf_2020_hap/batch1/refbased_2024_08/mapping,P21_0048,Ecoli_ASM886v2,0
/ptmp/mfenk/data/mf_2020_hap/batch1/refbased_2024_08/mapping,P21_0049,Ecoli_ASM886v2,0
/ptmp/mfenk/data/mf_2020_hap/batch1/refbased_2024_08/mapping,P21_0050,Ecoli_ASM886v2,0
/ptmp/mfenk/data/mf_2020_hap/batch1/refbased_2024_08/mapping,P21_0051,Ecoli_ASM886v2,0
/ptmp/mfenk/data/mf_2020_hap/batch1/refbased_2024_08/mapping,P21_0052,Ecoli_ASM886v2,0
/ptmp/mfenk/data/mf_2020_hap/batch1/refbased_2024_08/mapping,P21_0053,Ecoli_ASM886v2,0
/ptmp/mfenk/data/mf_2020_hap/batch1/refbased_2024_08/mapping,P21_0054,Ecoli_ASM886v2,0
/ptmp/mfenk/data/mf_2020_hap/batch1/refbased_2024_08/mapping,P21_0055,Ecoli_ASM886v2,0
/ptmp/mfenk/data/mf_2020_hap/batch1/refbased_2024_08/mapping,P21_0056,Ecoli_ASM886v2,0
/ptmp/mfenk/data/mf_2020_hap/batch1/refbased_2024_08/mapping,P21_0056_S2,Ecoli_ASM886v2,0
/ptmp/mfenk/data/mf_2020_hap/batch1/refbased_2024_08/mapping,P21_0057,Ecoli_ASM886v2,0
/ptmp/mfenk/data/mf_2020_hap/batch1/refbased_2024_08/mapping,P21_0058,Ecoli_ASM886v2,0
/ptmp/mfenk/data/mf_2020_hap/batch1/refbased_2024_08/mapping,P21_0059,Ecoli_ASM886v2,0
/ptmp/mfenk/data/mf_2020_hap/batch1/refbased_2024_08/mapping,P21_0060,Ecoli_ASM886v2,0
/ptmp/mfenk/data/mf_2020_hap/batch1/refbased_2024_08/mapping,P21_0061,Ecoli_ASM886v2,0
/ptmp/mfenk/data/mf_2020_hap/batch1/refbased_2024_08/mapping,P21_0062,Ecoli_ASM886v2,0
/ptmp/mfenk/data/mf_2020_hap/batch1/refbased_2024_08/mapping,P21_0063,Ecoli_ASM886v2,0
/ptmp/mfenk/data/mf_2020_hap/batch1/refbased_2024_08/mapping,P21_0064,Ecoli_ASM886v2,0
/ptmp/mfenk/data/mf_2020_hap/batch1/refbased_2024_08/mapping,P21_0065,Ecoli_ASM886v2,0
/ptmp/mfenk/data/mf_2020_hap/batch1/refbased_2024_08/mapping,P21_0066,Ecoli_ASM886v2,0
/ptmp/mfenk/data/mf_2020_hap/batch1/refbased_2024_08/mapping,P21_0067,Ecoli_ASM886v2,0
/ptmp/mfenk/data/mf_2020_hap/batch1/refbased_2024_08/mapping,P21_0068,Ecoli_ASM886v2,0
/ptmp/mfenk/data/mf_2020_hap/batch1/refbased_2024_08/mapping,P21_0069,Ecoli_ASM886v2,0
/ptmp/mfenk/data/mf_2020_hap/batch1/refbased_2024_08/mapping,P21_0070,Ecoli_ASM886v2,0
/ptmp/mfenk/data/mf_2020_hap/batch1/refbased_2024_08/mapping,P21_0071,Ecoli_ASM886v2,0
/ptmp/mfenk/data/mf_2020_hap/batch1/refbased_2024_08/mapping,P21_0072,Ecoli_ASM886v2,0
/ptmp/mfenk/data/mf_2020_hap/batch1/refbased_2024_08/mapping,P21_0073,Ecoli_ASM886v2,0
/ptmp/mfenk/data/mf_2020_hap/batch1/refbased_2024_08/mapping,P21_0074,Ecoli_ASM886v2,0
/ptmp/mfenk/data/mf_2020_hap/batch1/refbased_2024_08/mapping,P21_0075,Ecoli_ASM886v2,0
/ptmp/mfenk/data/mf_2020_hap/batch1/refbased_2024_08/mapping,P21_0077,Ecoli_ASM886v2,0
/ptmp/mfenk/data/mf_2020_hap/batch1/refbased_2024_08/mapping,P21_0078,Ecoli_ASM886v2,0
/ptmp/mfenk/data/mf_2020_hap/batch1/refbased_2024_08/mapping,P21_0079,Ecoli_ASM886v2,0
/ptmp/mfenk/data/mf_2020_hap/batch1/refbased_2024_08/mapping,P21_0085,Ecoli_ASM886v2,0
/ptmp/mfenk/data/mf_2020_hap/batch1/refbased_2024_08/mapping,P21_0086,Ecoli_ASM886v2,0
/ptmp/mfenk/data/mf_2020_hap/batch1/refbased_2024_08/mapping,P21_0087,Ecoli_ASM886v2,0
/ptmp/mfenk/data/mf_2020_hap/batch1/refbased_2024_08/mapping,P21_0092,Ecoli_ASM886v2,0
/ptmp/mfenk/data/mf_2020_hap/batch1/refbased_2024_08/mapping,P21_0093,Ecoli_ASM886v2,0
/ptmp/mfenk/data/mf_2020_hap/batch1/refbased_2024_08/mapping,P21_0094,Ecoli_ASM886v2,0
/ptmp/mfenk/data/mf_2020_hap/batch1/refbased_2024_08/mapping,P21_0095,Ecoli_ASM886v2,0
/ptmp/mfenk/data/mf_2020_hap/batch1/refbased_2024_08/mapping,P21_0096,Ecoli_ASM886v2,0
/ptmp/mfenk/data/mf_2020_hap/batch1/refbased_2024_08/mapping,P21_0097,Ecoli_ASM886v2,0
/ptmp/mfenk/data/mf_2020_hap/batch1/refbased_2024_08/mapping,P21_0099,Ecoli_ASM886v2,0
/ptmp/mfenk/data/mf_2020_hap/batch1/refbased_2024_08/mapping,P21_0100,Ecoli_ASM886v2,0
/ptmp/mfenk/data/mf_2020_hap/batch1/refbased_2024_08/mapping,P21_0100_S2,Ecoli_ASM886v2,0
/ptmp/mfenk/data/mf_2020_hap/batch1/refbased_2024_08/mapping,P21_0101,Ecoli_ASM886v2,0
/ptmp/mfenk/data/mf_2020_hap/batch1/refbased_2024_08/mapping,P21_0102,Ecoli_ASM886v2,0
/ptmp/mfenk/data/mf_2020_hap/batch1/refbased_2024_08/mapping,P21_0103,Ecoli_ASM886v2,0
/ptmp/mfenk/data/mf_2020_hap/batch1/refbased_2024_08/mapping,P21_0104,Ecoli_ASM886v2,0
/ptmp/mfenk/data/mf_2020_hap/batch1/refbased_2024_08/mapping,P21_0105,Ecoli_ASM886v2,0
/ptmp/mfenk/data/mf_2020_hap/batch1/refbased_2024_08/mapping,P21_0106,Ecoli_ASM886v2,0
/ptmp/mfenk/data/mf_2020_hap/batch1/refbased_2024_08/mapping,P21_0107,Ecoli_ASM886v2,0
/ptmp/mfenk/data/mf_2020_hap/batch1/refbased_2024_08/mapping,P21_0108,Ecoli_ASM886v2,0
/ptmp/mfenk/data/mf_2020_hap/batch1/refbased_2024_08/mapping,P21_0109,Ecoli_ASM886v2,0
/ptmp/mfenk/data/mf_2020_hap/batch1/refbased_2024_08/mapping,P21_0110,Ecoli_ASM886v2,0
/ptmp/mfenk/data/mf_2020_hap/batch1/refbased_2024_08/mapping,P21_0112,Ecoli_ASM886v2,0
/ptmp/mfenk/data/mf_2020_hap/batch1/refbased_2024_08/mapping,P21_0113,Ecoli_ASM886v2,0
/ptmp/mfenk/data/mf_2020_hap/batch1/refbased_2024_08/mapping,P21_0114,Ecoli_ASM886v2,0
/ptmp/mfenk/data/mf_2020_hap/batch1/refbased_2024_08/mapping,P21_0115,Ecoli_ASM886v2,0
/ptmp/mfenk/data/mf_2020_hap/batch1/refbased_2024_08/mapping,P21_0116,Ecoli_ASM886v2,0
/ptmp/mfenk/data/mf_2020_hap/batch1/refbased_2024_08/mapping,P21_0117,Ecoli_ASM886v2,0
/ptmp/mfenk/data/mf_2020_hap/batch1/refbased_2024_08/mapping,P21_0118,Ecoli_ASM886v2,0
/ptmp/mfenk/data/mf_2020_hap/batch1/refbased_2024_08/mapping,P21_0120,Ecoli_ASM886v2,0
/ptmp/mfenk/data/mf_2020_hap/batch1/refbased_2024_08/mapping,P21_0121,Ecoli_ASM886v2,0
/ptmp/mfenk/data/mf_2020_hap/batch1/refbased_2024_08/mapping,P21_0122,Ecoli_ASM886v2,0
/ptmp/mfenk/data/mf_2020_hap/batch1/refbased_2024_08/mapping,P21_0123,Ecoli_ASM886v2,0
/ptmp/mfenk/data/mf_2020_hap/batch1/refbased_2024_08/mapping,P21_0124,Ecoli_ASM886v2,0
/ptmp/mfenk/data/mf_2020_hap/batch1/refbased_2024_08/mapping,P21_0125,Ecoli_ASM886v2,0
/ptmp/mfenk/data/mf_2020_hap/batch1/refbased_2024_08/mapping,P21_0126,Ecoli_ASM886v2,0
/ptmp/mfenk/data/mf_2020_hap/batch1/refbased_2024_08/mapping,P21_0127,Ecoli_ASM886v2,0
/ptmp/mfenk/data/mf_2020_hap/batch1/refbased_2024_08/mapping,P21_0129,Ecoli_ASM886v2,0
/ptmp/mfenk/data/mf_2020_hap/batch1/refbased_2024_08/mapping,P21_0130,Ecoli_ASM886v2,0
/ptmp/mfenk/data/mf_2020_hap/batch1/refbased_2024_08/mapping,P21_0130_S2,Ecoli_ASM886v2,0
/ptmp/mfenk/data/mf_2020_hap/batch1/refbased_2024_08/mapping,P21_0153,Pmirabilis_ASM6996v1,0
/ptmp/mfenk/data/mf_2020_hap/batch1/refbased_2024_08/mapping,P21_0157,Pmirabilis_ASM6996v1,0
/ptmp/mfenk/data/mf_2020_hap/batch1/refbased_2024_08/mapping,P21_0159,Pmirabilis_ASM6996v1,0
/ptmp/mfenk/data/mf_2020_hap/batch1/refbased_2024_08/mapping,P21_0204,Saureus_ASM1342v1,0
/ptmp/mfenk/data/mf_2020_hap/batch1/refbased_2024_08/mapping,P21_0205,Saureus_ASM1342v1,0
/ptmp/mfenk/data/mf_2020_hap/batch1/refbased_2024_08/mapping,P21_0205_S2,Saureus_ASM1342v1,0
/ptmp/mfenk/data/mf_2020_hap/batch1/refbased_2024_08/mapping,P21_0206,Saureus_ASM1342v1,0
/ptmp/mfenk/data/mf_2020_hap/batch1/refbased_2024_08/mapping,P21_0207,Saureus_ASM1342v1,0
/ptmp/mfenk/data/mf_2020_hap/batch1/refbased_2024_08/mapping,P21_0208,Saureus_ASM1342v1,0
/ptmp/mfenk/data/mf_2020_hap/batch1/refbased_2024_08/mapping,P21_0209,Saureus_ASM1342v1,0
/ptmp/mfenk/data/mf_2020_hap/batch1/refbased_2024_08/mapping,P21_0210,Saureus_ASM1342v1,0
/ptmp/mfenk/data/mf_2020_hap/batch1/refbased_2024_08/mapping,P21_0211,Saureus_ASM1342v1,0
/ptmp/mfenk/data/mf_2020_hap/batch1/refbased_2024_08/mapping,P21_0212,Saureus_ASM1342v1,0
/ptmp/mfenk/data/mf_2020_hap/batch1/refbased_2024_08/mapping,P21_0213,Saureus_ASM1342v1,0
/ptmp/mfenk/data/mf_2020_hap/batch1/refbased_2024_08/mapping,P21_0214,Saureus_ASM1342v1,0
/ptmp/mfenk/data/mf_2020_hap/batch1/refbased_2024_08/mapping,P21_0215,Saureus_ASM1342v1,0
/ptmp/mfenk/data/mf_2020_hap/batch1/refbased_2024_08/mapping,P21_0216,Saureus_ASM1342v1,0
/ptmp/mfenk/data/mf_2020_hap/batch1/refbased_2024_08/mapping,P21_0217,Saureus_ASM1342v1,0
/ptmp/mfenk/data/mf_2020_hap/batch1/refbased_2024_08/mapping,P21_0218,Saureus_ASM1342v1,0
/ptmp/mfenk/data/mf_2020_hap/batch1/refbased_2024_08/mapping,P21_0219,Saureus_ASM1342v1,0
/ptmp/mfenk/data/mf_2020_hap/batch1/refbased_2024_08/mapping,P21_0220,Saureus_ASM1342v1,0
/ptmp/mfenk/data/mf_2020_hap/batch1/refbased_2024_08/mapping,P21_0221,Saureus_ASM1342v1,0
/ptmp/mfenk/data/mf_2020_hap/batch1/refbased_2024_08/mapping,P21_0222,Saureus_ASM1342v1,0
/ptmp/mfenk/data/mf_2020_hap/batch1/refbased_2024_08/mapping,P21_0223,Saureus_ASM1342v1,0
/ptmp/mfenk/data/mf_2020_hap/batch1/refbased_2024_08/mapping,P21_0232,Saureus_ASM1342v1,0
/ptmp/mfenk/data/mf_2020_hap/batch1/refbased_2024_08/mapping,P21_0233,Saureus_ASM1342v1,0
/ptmp/mfenk/data/mf_2020_hap/batch1/refbased_2024_08/mapping,P21_0234,Saureus_ASM1342v1,0
/ptmp/mfenk/data/mf_2020_hap/batch1/refbased_2024_08/mapping,P21_0235,Saureus_ASM1342v1,0
/ptmp/mfenk/data/mf_2020_hap/batch1/refbased_2024_08/mapping,P21_0236,Saureus_ASM1342v1,0
/ptmp/mfenk/data/mf_2020_hap/batch1/refbased_2024_08/mapping,P21_0237,Saureus_ASM1342v1,0
/ptmp/mfenk/data/mf_2020_hap/batch1/refbased_2024_08/mapping,P21_0238,Saureus_ASM1342v1,0
/ptmp/mfenk/data/mf_2020_hap/batch1/refbased_2024_08/mapping,P21_0239,Saureus_ASM1342v1,0
/ptmp/mfenk/data/mf_2020_hap/batch1/refbased_2024_08/mapping,P21_0240,Saureus_ASM1342v1,0
/ptmp/mfenk/data/mf_2020_hap/batch1/refbased_2024_08/mapping,P21_0241,Saureus_ASM1342v1,0
/ptmp/mfenk/data/mf_2020_hap/batch1/refbased_2024_08/mapping,P21_0242,Saureus_ASM1342v1,0
/ptmp/mfenk/data/mf_2020_hap/batch1/refbased_2024_08/mapping,P21_0243,Saureus_ASM1342v1,0
/ptmp/mfenk/data/mf_2020_hap/batch1/refbased_2024_08/mapping,P21_0244,Saureus_ASM1342v1,0
/ptmp/mfenk/data/mf_2020_hap/batch1/refbased_2024_08/mapping,P21_0245,Saureus_ASM1342v1,0
/ptmp/mfenk/data/mf_2020_hap/batch1/refbased_2024_08/mapping,P21_0246,Saureus_ASM1342v1,0
/ptmp/mfenk/data/mf_2020_hap/batch1/refbased_2024_08/mapping,P21_0247,Saureus_ASM1342v1,0
/ptmp/mfenk/data/mf_2020_hap/batch1/refbased_2024_08/mapping,P21_0248,Saureus_ASM1342v1,0
/ptmp/mfenk/data/mf_2020_hap/batch1/refbased_2024_08/mapping,P21_0249,Saureus_ASM1342v1,0
/ptmp/mfenk/data/mf_2020_hap/batch1/refbased_2024_08/mapping,P21_0250,Saureus_ASM1342v1,0
/ptmp/mfenk/data/mf_2020_hap/batch1/refbased_2024_08/mapping,P21_0251,Saureus_ASM1342v1,0
/ptmp/mfenk/data/mf_2020_hap/batch1/refbased_2024_08/mapping,P21_0278,Saureus_ASM1342v1,0
/ptmp/mfenk/data/mf_2020_hap/batch1/refbased_2024_08/mapping,P21_0279,Saureus_ASM1342v1,0
/ptmp/mfenk/data/mf_2020_hap/batch1/refbased_2024_08/mapping,P21_0280,Saureus_ASM1342v1,0
/ptmp/mfenk/data/mf_2020_hap/batch1/refbased_2024_08/mapping,P21_0281,Saureus_ASM1342v1,0
/ptmp/mfenk/data/mf_2020_hap/batch1/refbased_2024_08/mapping,P21_0282,Saureus_ASM1342v1,0
/ptmp/mfenk/data/mf_2020_hap/batch1/refbased_2024_08/mapping,P21_0283,Saureus_ASM1342v1,0
/ptmp/mfenk/data/mf_2020_hap/batch1/refbased_2024_08/mapping,P21_0284,Saureus_ASM1342v1,0
/ptmp/mfenk/data/mf_2020_hap/batch1/refbased_2024_08/mapping,P21_0285,Saureus_ASM1342v1,0
/ptmp/mfenk/data/mf_2020_hap/batch1/refbased_2024_08/mapping,P21_0286,Saureus_ASM1342v1,0
/ptmp/mfenk/data/mf_2020_hap/batch1/refbased_2024_08/mapping,P21_0287,Saureus_ASM1342v1,0
/ptmp/mfenk/data/mf_2020_hap/batch1/refbased_2024_08/mapping,P21_0287_S2,Saureus_ASM1342v1,0
/ptmp/mfenk/data/mf_2020_hap/batch1/refbased_2024_08/mapping,P21_0288,Saureus_ASM1342v1,0
/ptmp/mfenk/data/mf_2020_hap/batch1/refbased_2024_08/mapping,P21_0289,Saureus_ASM1342v1,0
/ptmp/mfenk/data/mf_2020_hap/batch1/refbased_2024_08/mapping,P21_0290,Saureus_ASM1342v1,0
/ptmp/mfenk/data/mf_2020_hap/batch1/refbased_2024_08/mapping,P21_0291,Saureus_ASM1342v1,0
/ptmp/mfenk/data/mf_2020_hap/batch1/refbased_2024_08/mapping,P21_0292,Saureus_ASM1342v1,0
/ptmp/mfenk/data/mf_2020_hap/batch1/refbased_2024_08/mapping,P21_0293,Saureus_ASM1342v1,0
/ptmp/mfenk/data/mf_2020_hap/batch1/refbased_2024_08/mapping,P21_0294,Saureus_ASM1342v1,0
/ptmp/mfenk/data/mf_2020_hap/batch1/refbased_2024_08/mapping,P21_0295,Saureus_ASM1342v1,0
/ptmp/mfenk/data/mf_2020_hap/batch1/refbased_2024_08/mapping,P21_0296,Saureus_ASM1342v1,0
/ptmp/mfenk/data/mf_2020_hap/batch1/refbased_2024_08/mapping,P21_0297,Saureus_ASM1342v1,0
/ptmp/mfenk/data/mf_2020_hap/batch1/refbased_2024_08/mapping,P21_0330,Pmirabilis_ASM6996v1,0
/ptmp/mfenk/data/mf_2020_hap/batch1/refbased_2024_08/mapping,P21_0331,Pmirabilis_ASM6996v1,0
/ptmp/mfenk/data/mf_2020_hap/batch1/refbased_2024_08/mapping,P21_0467,Pmirabilis_ASM6996v1,0
/ptmp/mfenk/data/mf_2020_hap/batch1/refbased_2024_08/mapping,P21_0471,Pmirabilis_ASM6996v1,0
/ptmp/mfenk/data/mf_2020_hap/batch1/refbased_2024_08/mapping,P21_0472,Pmirabilis_ASM6996v1,0
/ptmp/mfenk/data/mf_2020_hap/batch1/refbased_2024_08/mapping,P21_0473,Pmirabilis_ASM6996v1,0
/ptmp/mfenk/data/mf_2020_hap/batch1/refbased_2024_08/mapping,P21_0487,Pmirabilis_ASM6996v1,0
/ptmp/mfenk/data/mf_2020_hap/batch1/refbased_2024_08/mapping,P21_0488,Pmirabilis_ASM6996v1,0
/ptmp/mfenk/data/mf_2020_hap/batch1/refbased_2024_08/mapping,P21_0489,Pmirabilis_ASM6996v1,0
/ptmp/mfenk/data/mf_2020_hap/batch1/refbased_2024_08/mapping,P21_0490,Pmirabilis_ASM6996v1,0
/ptmp/mfenk/data/mf_2020_hap/batch1/refbased_2024_08/mapping,P21_0491,Pmirabilis_ASM6996v1,0
/ptmp/mfenk/data/mf_2020_hap/batch1/refbased_2024_08/mapping,P21_0492,Pmirabilis_ASM6996v1,0
/ptmp/mfenk/data/mf_2020_hap/batch1/refbased_2024_08/mapping,P21_0494,Pmirabilis_ASM6996v1,0
/ptmp/mfenk/data/mf_2020_hap/batch1/refbased_2024_08/mapping,P21_0496,Pmirabilis_ASM6996v1,0
/ptmp/mfenk/data/mf_2020_hap/batch1/refbased_2024_08/mapping,P21_0498,Pmirabilis_ASM6996v1,0
/ptmp/mfenk/data/mf_2020_hap/batch1/refbased_2024_08/mapping,P21_0499,Pmirabilis_ASM6996v1,0
/ptmp/mfenk/data/mf_2020_hap/batch1/refbased_2024_08/mapping,P21_0509,Pmirabilis_ASM6996v1,0
/ptmp/mfenk/data/mf_2020_hap/batch1/refbased_2024_08/mapping,P21_0510,Pmirabilis_ASM6996v1,0
/ptmp/mfenk/data/mf_2020_hap/batch1/refbased_2024_08/mapping,P21_0684,Saureus_ASM1342v1,0
/ptmp/mfenk/data/mf_2020_hap/batch1/refbased_2024_08/mapping,P21_1001,Ecoli_ASM886v2,0
/ptmp/mfenk/data/mf_2020_hap/batch1/refbased_2024_08/mapping,P21_1001_S2,Ecoli_ASM886v2,0
/ptmp/mfenk/data/mf_2020_hap/batch1/refbased_2024_08/mapping,P21_2022,Ecoli_ASM886v2,0
/ptmp/mfenk/data/mf_2020_hap/batch1/refbased_2024_08/mapping,P21_2023,Ecoli_ASM886v2,0
/ptmp/mfenk/data/mf_2020_hap/batch1/refbased_2024_08/mapping,P21_2024,Ecoli_ASM886v2,0
/ptmp/mfenk/data/mf_2020_hap/batch1/refbased_2024_08/mapping,P21_2025,Ecoli_ASM886v2,0
/ptmp/mfenk/data/mf_2020_hap/batch1/refbased_2024_08/mapping,P21_2026,Ecoli_ASM886v2,0
/ptmp/mfenk/data/mf_2020_hap/batch1/refbased_2024_08/mapping,P21_2027,Ecoli_ASM886v2,0
/ptmp/mfenk/data/mf_2020_hap/batch1/refbased_2024_08/mapping,P21_2028,Ecoli_ASM886v2,0
/ptmp/mfenk/data/mf_2020_hap/batch1/refbased_2024_08/mapping,P21_2029,Ecoli_ASM886v2,0
/ptmp/mfenk/data/mf_2020_hap/batch1/refbased_2024_08/mapping,P21_2030,Ecoli_ASM886v2,0
/ptmp/mfenk/data/mf_2020_hap/batch1/refbased_2024_08/mapping,P21_2031,Ecoli_ASM886v2,0
/ptmp/mfenk/data/mf_2020_hap/batch1/refbased_2024_08/mapping,P21_2032,Ecoli_ASM886v2,0
/ptmp/mfenk/data/mf_2020_hap/batch1/refbased_2024_08/mapping,P21_2033,Ecoli_ASM886v2,0
/ptmp/mfenk/data/mf_2020_hap/batch1/refbased_2024_08/mapping,P21_2034,Ecoli_ASM886v2,0
/ptmp/mfenk/data/mf_2020_hap/batch1/refbased_2024_08/mapping,P21_2035,Ecoli_ASM886v2,0
/ptmp/mfenk/data/mf_2020_hap/batch1/refbased_2024_08/mapping,P21_2036,Ecoli_ASM886v2,0
/ptmp/mfenk/data/mf_2020_hap/batch1/refbased_2024_08/mapping,P21_2037,Ecoli_ASM886v2,0
/ptmp/mfenk/data/mf_2020_hap/batch1/refbased_2024_08/mapping,P21_2038,Ecoli_ASM886v2,0
/ptmp/mfenk/data/mf_2020_hap/batch1/refbased_2024_08/mapping,P21_2039,Ecoli_ASM886v2,0
/ptmp/mfenk/data/mf_2020_hap/batch1/refbased_2024_08/mapping,P21_2040,Ecoli_ASM886v2,0
/ptmp/mfenk/data/mf_2020_hap/batch1/refbased_2024_08/mapping,P21_2043,Ecoli_ASM886v2,0
/ptmp/mfenk/data/mf_2020_hap/batch1/refbased_2024_08/mapping,P21_MIBI04,Ecoli_ASM886v2,0
/ptmp/mfenk/data/mf_2020_hap/batch1/refbased_2024_08/mapping,P21_MIBI04_S2,Ecoli_ASM886v2,0
/ptmp/mfenk/data/mf_2020_hap/batch1/refbased_2024_08/mapping,P21_MIBI05,Pmirabilis_ASM6996v1,0
/ptmp/mfenk/data/mf_2020_hap/batch1/refbased_2024_08/mapping,P21_MIBI07,Pmirabilis_ASM6996v1,0
/ptmp/mfenk/data/mf_2020_hap/batch1/refbased_2024_08/mapping,P21_MIBI09,Ecoli_ASM886v2,0
/ptmp/mfenk/data/mf_2020_hap/batch1/refbased_2024_08/mapping,P21_MIBI10,Ecoli_ASM886v2,0
/ptmp/mfenk/data/mf_2020_hap/batch1/refbased_2024_08/mapping,P21_MIBI101,Pmirabilis_ASM6996v1,0
/ptmp/mfenk/data/mf_2020_hap/batch1/refbased_2024_08/mapping,P21_MIBI102,Pmirabilis_ASM6996v1,0
/ptmp/mfenk/data/mf_2020_hap/batch1/refbased_2024_08/mapping,P21_MIBI103,Pmirabilis_ASM6996v1,0
/ptmp/mfenk/data/mf_2020_hap/batch1/refbased_2024_08/mapping,P21_MIBI104,Paeruginosa_GCF_000006765,0
/ptmp/mfenk/data/mf_2020_hap/batch1/refbased_2024_08/mapping,P21_MIBI105,Paeruginosa_GCF_000006765,0
/ptmp/mfenk/data/mf_2020_hap/batch1/refbased_2024_08/mapping,P21_MIBI107,Paeruginosa_GCF_000006765,0
/ptmp/mfenk/data/mf_2020_hap/batch1/refbased_2024_08/mapping,P21_MIBI10_S2,Ecoli_ASM886v2,0
/ptmp/mfenk/data/mf_2020_hap/batch1/refbased_2024_08/mapping,P21_MIBI11,Ecoli_ASM886v2,0
/ptmp/mfenk/data/mf_2020_hap/batch1/refbased_2024_08/mapping,P21_MIBI111,Paeruginosa_GCF_000006765,0
/ptmp/mfenk/data/mf_2020_hap/batch1/refbased_2024_08/mapping,P21_MIBI113,Paeruginosa_GCF_000006765,0
/ptmp/mfenk/data/mf_2020_hap/batch1/refbased_2024_08/mapping,P21_MIBI114,Paeruginosa_GCF_000006765,0
/ptmp/mfenk/data/mf_2020_hap/batch1/refbased_2024_08/mapping,P21_MIBI116,Paeruginosa_GCF_000006765,0
/ptmp/mfenk/data/mf_2020_hap/batch1/refbased_2024_08/mapping,P21_MIBI118,Paeruginosa_GCF_000006765,0
/ptmp/mfenk/data/mf_2020_hap/batch1/refbased_2024_08/mapping,P21_MIBI119,Paeruginosa_GCF_000006765,0
/ptmp/mfenk/data/mf_2020_hap/batch1/refbased_2024_08/mapping,P21_MIBI11_S2,Ecoli_ASM886v2,0
/ptmp/mfenk/data/mf_2020_hap/batch1/refbased_2024_08/mapping,P21_MIBI12,Ecoli_ASM886v2,0
/ptmp/mfenk/data/mf_2020_hap/batch1/refbased_2024_08/mapping,P21_MIBI121,Paeruginosa_GCF_000006765,0
/ptmp/mfenk/data/mf_2020_hap/batch1/refbased_2024_08/mapping,P21_MIBI13,Ecoli_ASM886v2,0
/ptmp/mfenk/data/mf_2020_hap/batch1/refbased_2024_08/mapping,P21_MIBI14,Ecoli_ASM886v2,0
/ptmp/mfenk/data/mf_2020_hap/batch1/refbased_2024_08/mapping,P21_MIBI14_S2,Ecoli_ASM886v2,0
/ptmp/mfenk/data/mf_2020_hap/batch1/refbased_2024_08/mapping,P21_MIBI15,Ecoli_ASM886v2,0
/ptmp/mfenk/data/mf_2020_hap/batch1/refbased_2024_08/mapping,P21_MIBI16,Ecoli_ASM886v2,0
/ptmp/mfenk/data/mf_2020_hap/batch1/refbased_2024_08/mapping,P21_MIBI17,Ecoli_ASM886v2,0
/ptmp/mfenk/data/mf_2020_hap/batch1/refbased_2024_08/mapping,P21_MIBI18,Ecoli_ASM886v2,0
/ptmp/mfenk/data/mf_2020_hap/batch1/refbased_2024_08/mapping,P21_MIBI19,Pmirabilis_ASM6996v1,0
/ptmp/mfenk/data/mf_2020_hap/batch1/refbased_2024_08/mapping,P21_MIBI192,Pmirabilis_ASM6996v1,0
/ptmp/mfenk/data/mf_2020_hap/batch1/refbased_2024_08/mapping,P21_MIBI20,Ecoli_ASM886v2,0
/ptmp/mfenk/data/mf_2020_hap/batch1/refbased_2024_08/mapping,P21_MIBI2090,Pmirabilis_ASM6996v1,0
/ptmp/mfenk/data/mf_2020_hap/batch1/refbased_2024_08/mapping,P21_MIBI21,Pmirabilis_ASM6996v1,0
/ptmp/mfenk/data/mf_2020_hap/batch1/refbased_2024_08/mapping,P21_MIBI22,Ecoli_ASM886v2,0
/ptmp/mfenk/data/mf_2020_hap/batch1/refbased_2024_08/mapping,P21_MIBI23,Pmirabilis_ASM6996v1,0
/ptmp/mfenk/data/mf_2020_hap/batch1/refbased_2024_08/mapping,P21_MIBI24,Ecoli_ASM886v2,0
/ptmp/mfenk/data/mf_2020_hap/batch1/refbased_2024_08/mapping,P21_MIBI25,Pmirabilis_ASM6996v1,0
/ptmp/mfenk/data/mf_2020_hap/batch1/refbased_2024_08/mapping,P21_MIBI26,Ecoli_ASM886v2,0
/ptmp/mfenk/data/mf_2020_hap/batch1/refbased_2024_08/mapping,P21_MIBI27,Pmirabilis_ASM6996v1,0
/ptmp/mfenk/data/mf_2020_hap/batch1/refbased_2024_08/mapping,P21_MIBI28,Ecoli_ASM886v2,0
/ptmp/mfenk/data/mf_2020_hap/batch1/refbased_2024_08/mapping,P21_MIBI29,Pmirabilis_ASM6996v1,0
/ptmp/mfenk/data/mf_2020_hap/batch1/refbased_2024_08/mapping,P21_MIBI30,Ecoli_ASM886v2,0
/ptmp/mfenk/data/mf_2020_hap/batch1/refbased_2024_08/mapping,P21_MIBI31,Pmirabilis_ASM6996v1,0
/ptmp/mfenk/data/mf_2020_hap/batch1/refbased_2024_08/mapping,P21_MIBI32,Ecoli_ASM886v2,0
/ptmp/mfenk/data/mf_2020_hap/batch1/refbased_2024_08/mapping,P21_MIBI33,Pmirabilis_ASM6996v1,0
/ptmp/mfenk/data/mf_2020_hap/batch1/refbased_2024_08/mapping,P21_MIBI34,Ecoli_ASM886v2,0
/ptmp/mfenk/data/mf_2020_hap/batch1/refbased_2024_08/mapping,P21_MIBI35,Pmirabilis_ASM6996v1,0
/ptmp/mfenk/data/mf_2020_hap/batch1/refbased_2024_08/mapping,P21_MIBI36,Ecoli_ASM886v2,0
/ptmp/mfenk/data/mf_2020_hap/batch1/refbased_2024_08/mapping,P21_MIBI37,Saureus_ASM1342v1,0
/ptmp/mfenk/data/mf_2020_hap/batch1/refbased_2024_08/mapping,P21_MIBI38,Pmirabilis_ASM6996v1,0
/ptmp/mfenk/data/mf_2020_hap/batch1/refbased_2024_08/mapping,P21_MIBI39,Saureus_ASM1342v1,0
/ptmp/mfenk/data/mf_2020_hap/batch1/refbased_2024_08/mapping,P21_MIBI40,Pmirabilis_ASM6996v1,0
/ptmp/mfenk/data/mf_2020_hap/batch1/refbased_2024_08/mapping,P21_MIBI41,Saureus_ASM1342v1,0
/ptmp/mfenk/data/mf_2020_hap/batch1/refbased_2024_08/mapping,P21_MIBI42,Pmirabilis_ASM6996v1,0
/ptmp/mfenk/data/mf_2020_hap/batch1/refbased_2024_08/mapping,P21_MIBI43,Saureus_ASM1342v1,0
/ptmp/mfenk/data/mf_2020_hap/batch1/refbased_2024_08/mapping,P21_MIBI44,Pmirabilis_ASM6996v1,0
/ptmp/mfenk/data/mf_2020_hap/batch1/refbased_2024_08/mapping,P21_MIBI45,Saureus_ASM1342v1,0
/ptmp/mfenk/data/mf_2020_hap/batch1/refbased_2024_08/mapping,P21_MIBI46,Pmirabilis_ASM6996v1,0
/ptmp/mfenk/data/mf_2020_hap/batch1/refbased_2024_08/mapping,P21_MIBI47A,Saureus_ASM1342v1,0
/ptmp/mfenk/data/mf_2020_hap/batch1/refbased_2024_08/mapping,P21_MIBI48,Pmirabilis_ASM6996v1,0
/ptmp/mfenk/data/mf_2020_hap/batch1/refbased_2024_08/mapping,P21_MIBI49,Saureus_ASM1342v1,0
/ptmp/mfenk/data/mf_2020_hap/batch1/refbased_2024_08/mapping,P21_MIBI50,Pmirabilis_ASM6996v1,0
/ptmp/mfenk/data/mf_2020_hap/batch1/refbased_2024_08/mapping,P21_MIBI51,Saureus_ASM1342v1,0
/ptmp/mfenk/data/mf_2020_hap/batch1/refbased_2024_08/mapping,P21_MIBI52,Pmirabilis_ASM6996v1,0
/ptmp/mfenk/data/mf_2020_hap/batch1/refbased_2024_08/mapping,P21_MIBI53,Saureus_ASM1342v1,0
/ptmp/mfenk/data/mf_2020_hap/batch1/refbased_2024_08/mapping,P21_MIBI54,Pmirabilis_ASM6996v1,0
/ptmp/mfenk/data/mf_2020_hap/batch1/refbased_2024_08/mapping,P21_MIBI55,Saureus_ASM1342v1,0
/ptmp/mfenk/data/mf_2020_hap/batch1/refbased_2024_08/mapping,P21_MIBI56,Pmirabilis_ASM6996v1,0
/ptmp/mfenk/data/mf_2020_hap/batch1/refbased_2024_08/mapping,P21_MIBI57,Saureus_ASM1342v1,0
/ptmp/mfenk/data/mf_2020_hap/batch1/refbased_2024_08/mapping,P21_MIBI58,Saureus_ASM1342v1,0
/ptmp/mfenk/data/mf_2020_hap/batch1/refbased_2024_08/mapping,P21_MIBI59,Saureus_ASM1342v1,0
/ptmp/mfenk/data/mf_2020_hap/batch1/refbased_2024_08/mapping,P21_MIBI60,Saureus_ASM1342v1,0
/ptmp/mfenk/data/mf_2020_hap/batch1/refbased_2024_08/mapping,P21_MIBI62,Saureus_ASM1342v1,0
/ptmp/mfenk/data/mf_2020_hap/batch1/refbased_2024_08/mapping,P21_MIBI62_S2,Saureus_ASM1342v1,0
/ptmp/mfenk/data/mf_2020_hap/batch1/refbased_2024_08/mapping,P21_MIBI64,Saureus_ASM1342v1,0
/ptmp/mfenk/data/mf_2020_hap/batch1/refbased_2024_08/mapping,P21_MIBI66,Saureus_ASM1342v1,0
/ptmp/mfenk/data/mf_2020_hap/batch1/refbased_2024_08/mapping,P21_MIBI68,Ecoli_ASM886v2,0
/ptmp/mfenk/data/mf_2020_hap/batch1/refbased_2024_08/mapping,P21_MIBI70,Ecoli_ASM886v2,0
/ptmp/mfenk/data/mf_2020_hap/batch1/refbased_2024_08/mapping,P21_MIBI72,Ecoli_ASM886v2,0
/ptmp/mfenk/data/mf_2020_hap/batch1/refbased_2024_08/mapping,P21_MIBI74,Ecoli_ASM886v2,0
/ptmp/mfenk/data/mf_2020_hap/batch1/refbased_2024_08/mapping,P21_MIBI76,Ecoli_ASM886v2,0
/ptmp/mfenk/data/mf_2020_hap/batch1/refbased_2024_08/mapping,P21_MIBI78,Ecoli_ASM886v2,0
/ptmp/mfenk/data/mf_2020_hap/batch1/refbased_2024_08/mapping,P21_MIBI81,Ecoli_ASM886v2,0
/ptmp/mfenk/data/mf_2020_hap/batch1/refbased_2024_08/mapping,P21_MIBI81_S2,Ecoli_ASM886v2,0
/ptmp/mfenk/data/mf_2020_hap/batch1/refbased_2024_08/mapping,P21_MIBI82,Pmirabilis_ASM6996v1,0
/ptmp/mfenk/data/mf_2020_hap/batch1/refbased_2024_08/mapping,P21_MIBI83,Ecoli_ASM886v2,0
/ptmp/mfenk/data/mf_2020_hap/batch1/refbased_2024_08/mapping,P21_MIBI83_S2,Ecoli_ASM886v2,0
/ptmp/mfenk/data/mf_2020_hap/batch1/refbased_2024_08/mapping,P21_MIBI84,Saureus_ASM1342v1,0
/ptmp/mfenk/data/mf_2020_hap/batch1/refbased_2024_08/mapping,P21_MIBI84_S2,Saureus_ASM1342v1,0
/ptmp/mfenk/data/mf_2020_hap/batch1/refbased_2024_08/mapping,Bthetaiotaomicron_GCA_001314975_1_P07,Bthetaiotaomicron_ASM1413175v1,1
/ptmp/mfenk/data/mf_2020_hap/batch1/refbased_2024_08/mapping,Bthetaiotaomicron_GCA_018291825_1_P07,Bthetaiotaomicron_ASM1413175v1,1
/ptmp/mfenk/data/mf_2020_hap/batch1/refbased_2024_08/mapping,Bthetaiotaomicron_GCA_019857385_1_P07,Bthetaiotaomicron_ASM1413175v1,1
/ptmp/mfenk/data/mf_2020_hap/batch1/refbased_2024_08/mapping,Bthetaiotaomicron_GCA_020091305_1_P07,Bthetaiotaomicron_ASM1413175v1,1
/ptmp/mfenk/data/mf_2020_hap/batch1/refbased_2024_08/mapping,Bthetaiotaomicron_GCF_014131755_1_P07,Bthetaiotaomicron_ASM1413175v1,1
/ptmp/mfenk/data/mf_2020_hap/batch1/refbased_2024_08/mapping,Bthetaiotaomicron_GCF_003457815_P07,Bthetaiotaomicron_ASM1413175v1,1
/ptmp/mfenk/data/mf_2020_hap/batch1/refbased_2024_08/mapping,Bthetaiotaomicron_GCF_003466025_P07,Bthetaiotaomicron_ASM1413175v1,1
/ptmp/mfenk/data/mf_2020_hap/batch1/refbased_2024_08/mapping,Bthetaiotaomicron_GCF_003469685_P07,Bthetaiotaomicron_ASM1413175v1,1
/ptmp/mfenk/data/mf_2020_hap/batch1/refbased_2024_08/mapping,Bthetaiotaomicron_GCF_004349615_P07,Bthetaiotaomicron_ASM1413175v1,1
/ptmp/mfenk/data/mf_2020_hap/batch1/refbased_2024_08/mapping,Bthetaiotaomicron_GCF_020313145_P07,Bthetaiotaomicron_ASM1413175v1,1
/ptmp/mfenk/data/mf_2020_hap/batch1/refbased_2024_08/mapping,Bthetaiotaomicron_GCA_004349615seq_P07,Bthetaiotaomicron_ASM1413175v1,1
/ptmp/mfenk/data/mf_2020_hap/batch1/refbased_2024_08/mapping,Kmichiganensis_GCA_013636415_1_P10,Kmichiganensis_ASM1513957v1,1
/ptmp/mfenk/data/mf_2020_hap/batch1/refbased_2024_08/mapping,Kmichiganensis_GCA_016618215_1_P10,Kmichiganensis_ASM1513957v1,1
/ptmp/mfenk/data/mf_2020_hap/batch1/refbased_2024_08/mapping,Kmichiganensis_GCA_017815775_1_P10,Kmichiganensis_ASM1513957v1,1
/ptmp/mfenk/data/mf_2020_hap/batch1/refbased_2024_08/mapping,Kmichiganensis_GCF_015139575_1_P10,Kmichiganensis_ASM1513957v1,1
/ptmp/mfenk/data/mf_2020_hap/batch1/refbased_2024_08/mapping,Kmichiganensis_GCF_015139575_P10,Kmichiganensis_ASM1513957v1,1
/ptmp/mfenk/data/mf_2020_hap/batch1/refbased_2024_08/mapping,Kmichiganensis_GCF_017348855_P10,Kmichiganensis_ASM1513957v1,1
/ptmp/mfenk/data/mf_2020_hap/batch1/refbased_2024_08/mapping,Kmichiganensis_GCF_018604105_P10,Kmichiganensis_ASM1513957v1,1
/ptmp/mfenk/data/mf_2020_hap/batch1/refbased_2024_08/mapping,Smaltophilia_GCA_006974125_1_P10,Smaltophilia_GCF900475405,1
/ptmp/mfenk/data/mf_2020_hap/batch1/refbased_2024_08/mapping,Smaltophilia_GCA_011067225_1_P10,Smaltophilia_GCF900475405,1
/ptmp/mfenk/data/mf_2020_hap/batch1/refbased_2024_08/mapping,Smaltophilia_GCA_012647025_1_P10,Smaltophilia_GCF900475405,1
/ptmp/mfenk/data/mf_2020_hap/batch1/refbased_2024_08/mapping,Smaltophilia_GCA_900636905_1_P10,Smaltophilia_GCF900475405,1
/ptmp/mfenk/data/mf_2020_hap/batch1/refbased_2024_08/mapping,Smaltophilia_GCF_900475405_1_P10,Smaltophilia_GCF900475405,1
/ptmp/mfenk/data/mf_2020_hap/batch1/refbased_2024_08/mapping,Apitii_GCA_001577285_1_P07,Apittii_ASM19114v1,1
/ptmp/mfenk/data/mf_2020_hap/batch1/refbased_2024_08/mapping,Apitii_GCA_003051965_2_P07,Apittii_ASM19114v1,1
/ptmp/mfenk/data/mf_2020_hap/batch1/refbased_2024_08/mapping,Apitii_GCA_003359315_2_P07,Apittii_ASM19114v1,1
/ptmp/mfenk/data/mf_2020_hap/batch1/refbased_2024_08/mapping,Apitii_GCA_009931315_1_P07,Apittii_ASM19114v1,1
/ptmp/mfenk/data/mf_2020_hap/batch1/refbased_2024_08/mapping,Apitii_GCA_016889825_1_P07,Apittii_ASM19114v1,1
/ptmp/mfenk/data/mf_2020_hap/batch1/refbased_2024_08/mapping,Apitii_GCF_000191145_1_P07,Apittii_ASM19114v1,1
/ptmp/mfenk/data/mf_2020_hap/batch1/refbased_2024_08/mapping,Paeruginosa_GCA_000981825_P07,Paeruginosa_GCF_000006765,1
/ptmp/mfenk/data/mf_2020_hap/batch1/refbased_2024_08/mapping,Paeruginosa_GCA_001045685_P07,Paeruginosa_GCF_000006765,1
/ptmp/mfenk/data/mf_2020_hap/batch1/refbased_2024_08/mapping,Paeruginosa_GCA_001457615_P07,Paeruginosa_GCF_000006765,1
/ptmp/mfenk/data/mf_2020_hap/batch1/refbased_2024_08/mapping,Paeruginosa_GCA_001516265_P07,Paeruginosa_GCF_000006765,1
/ptmp/mfenk/data/mf_2020_hap/batch1/refbased_2024_08/mapping,Paeruginosa_GCA_002085605_P07,Paeruginosa_GCF_000006765,1
/ptmp/mfenk/data/mf_2020_hap/batch1/refbased_2024_08/mapping,Paeruginosa_GCA_002208645_P07,Paeruginosa_GCF_000006765,1
/ptmp/mfenk/data/mf_2020_hap/batch1/refbased_2024_08/mapping,Paeruginosa_GCA_003073795_P07,Paeruginosa_GCF_000006765,1
/ptmp/mfenk/data/mf_2020_hap/batch1/refbased_2024_08/mapping,Paeruginosa_GCA_009676765_P07,Paeruginosa_GCF_000006765,1
/ptmp/mfenk/data/mf_2020_hap/batch1/refbased_2024_08/mapping,Paeruginosa_GCA_009676785_P07,Paeruginosa_GCF_000006765,1
/ptmp/mfenk/data/mf_2020_hap/batch1/refbased_2024_08/mapping,Paeruginosa_GCA_013201115_P07,Paeruginosa_GCF_000006765,1
/ptmp/mfenk/data/mf_2020_hap/batch1/refbased_2024_08/mapping,Paeruginosa_GCA_023093935_P07,Paeruginosa_GCF_000006765,1
/ptmp/mfenk/data/mf_2020_hap/batch1/refbased_2024_08/mapping,Paeruginosa_GCA_026727755_P07,Paeruginosa_GCF_000006765,1
/ptmp/mfenk/data/mf_2020_hap/batch1/refbased_2024_08/mapping,Paeruginosa_GCA_029916825_P07,Paeruginosa_GCF_000006765,1
/ptmp/mfenk/data/mf_2020_hap/batch1/refbased_2024_08/mapping,Paeruginosa_GCA_029961325_P07,Paeruginosa_GCF_000006765,1
/ptmp/mfenk/data/mf_2020_hap/batch1/refbased_2024_08/mapping,Paeruginosa_GCA_029962205_P07,Paeruginosa_GCF_000006765,1
/ptmp/mfenk/data/mf_2020_hap/batch1/refbased_2024_08/mapping,Paeruginosa_GCA_031223175_P07,Paeruginosa_GCF_000006765,1
/ptmp/mfenk/data/mf_2020_hap/batch1/refbased_2024_08/mapping,Paeruginosa_GCA_033615795_P07,Paeruginosa_GCF_000006765,1
/ptmp/mfenk/data/mf_2020_hap/batch1/refbased_2024_08/mapping,Paeruginosa_GCA_033971305_P07,Paeruginosa_GCF_000006765,1
/ptmp/mfenk/data/mf_2020_hap/batch1/refbased_2024_08/mapping,Paeruginosa_GCA_036542105_P07,Paeruginosa_GCF_000006765,1
/ptmp/mfenk/data/mf_2020_hap/batch1/refbased_2024_08/mapping,Ehormaechei_GCA_005217155_2_P07,EhormaecheiYT3_GCF000328885,1
/ptmp/mfenk/data/mf_2020_hap/batch1/refbased_2024_08/mapping,Ehormaechei_GCA_016864135_1_P07,EhormaecheiYT3_GCF000328885,1
/ptmp/mfenk/data/mf_2020_hap/batch1/refbased_2024_08/mapping,Ehormaechei_GCF_019048625_1_P07,EhormaecheiYT3_GCF000328885,1
/ptmp/mfenk/data/mf_2020_hap/batch1/refbased_2024_08/mapping,Ehormaechei_GCF_000750225_P07,EhormaecheiYT3_GCF000328885,1
/ptmp/mfenk/data/mf_2020_hap/batch1/refbased_2024_08/mapping,Ehormaechei_GCF_000807405_P07,EhormaecheiYT3_GCF000328885,1
/ptmp/mfenk/data/mf_2020_hap/batch1/refbased_2024_08/mapping,Ehormaechei_GCF_000814225_P07,EhormaecheiYT3_GCF000328885,1
/ptmp/mfenk/data/mf_2020_hap/batch1/refbased_2024_08/mapping,Ehormaechei_GCF_001022055_P07,EhormaecheiYT3_GCF000328885,1
/ptmp/mfenk/data/mf_2020_hap/batch1/refbased_2024_08/mapping,Ehormaechei_GCF_001729745_P07,EhormaecheiYT3_GCF000328885,1
/ptmp/mfenk/data/mf_2020_hap/batch1/refbased_2024_08/mapping,Ehormaechei_GCF_003408555_P07,EhormaecheiYT3_GCF000328885,1
/ptmp/mfenk/data/mf_2020_hap/batch1/refbased_2024_08/mapping,Ehormaechei_GCF_008505035_P07,EhormaecheiYT3_GCF000328885,1
/ptmp/mfenk/data/mf_2020_hap/batch1/refbased_2024_08/mapping,Ehormaechei_GCF_008931645_P07,EhormaecheiYT3_GCF000328885,1
/ptmp/mfenk/data/mf_2020_hap/batch1/refbased_2024_08/mapping,Ehormaechei_GCF_009930935_P07,EhormaecheiYT3_GCF000328885,1
/ptmp/mfenk/data/mf_2020_hap/batch1/refbased_2024_08/mapping,Ehormaechei_GCF_010319625_P07,EhormaecheiYT3_GCF000328885,1
/ptmp/mfenk/data/mf_2020_hap/batch1/refbased_2024_08/mapping,Ehormaechei_GCF_014931695_P07,EhormaecheiYT3_GCF000328885,1
/ptmp/mfenk/data/mf_2020_hap/batch1/refbased_2024_08/mapping,Ehormaechei_GCF_015910205_P07,EhormaecheiYT3_GCF000328885,1
/ptmp/mfenk/data/mf_2020_hap/batch1/refbased_2024_08/mapping,Ehormaechei_GCF_015910365_P07,EhormaecheiYT3_GCF000328885,1
/ptmp/mfenk/data/mf_2020_hap/batch1/refbased_2024_08/mapping,Ehormaechei_GCF_018441665_P07,EhormaecheiYT3_GCF000328885,1
/ptmp/mfenk/data/mf_2020_hap/batch1/refbased_2024_08/mapping,Ecoli_STST23_GCA_000819645_1_P07,Ecoli_ASM886v2,1
/ptmp/mfenk/data/mf_2020_hap/batch1/refbased_2024_08/mapping,Ecoli_STST23_GCA_001900635_1_P07,Ecoli_ASM886v2,1
/ptmp/mfenk/data/mf_2020_hap/batch1/refbased_2024_08/mapping,Ecoli_STST23_GCA_003856695_1_P07,Ecoli_ASM886v2,1
/ptmp/mfenk/data/mf_2020_hap/batch1/refbased_2024_08/mapping,Ecoli_ST23_GCF_000408225_P07,Ecoli_ASM886v2,1
/ptmp/mfenk/data/mf_2020_hap/batch1/refbased_2024_08/mapping,Ecoli_ST23_GCF_000782595_P07,Ecoli_ASM886v2,1
/ptmp/mfenk/data/mf_2020_hap/batch1/refbased_2024_08/mapping,Ecoli_ST23_GCF_001900555_P07,Ecoli_ASM886v2,1
/ptmp/mfenk/data/mf_2020_hap/batch1/refbased_2024_08/mapping,Ecoli_ST23_GCF_002202175_P07,Ecoli_ASM886v2,1
/ptmp/mfenk/data/mf_2020_hap/batch1/refbased_2024_08/mapping,Ecoli_ST23_GCF_004380435_P07,Ecoli_ASM886v2,1
/ptmp/mfenk/data/mf_2020_hap/batch1/refbased_2024_08/mapping,Ecoli_ST23_GCF_004960205_P07,Ecoli_ASM886v2,1
/ptmp/mfenk/data/mf_2020_hap/batch1/refbased_2024_08/mapping,Ecoli_ST23_GCF_005397725_P07,Ecoli_ASM886v2,1
/ptmp/mfenk/data/mf_2020_hap/batch1/refbased_2024_08/mapping,Ecoli_ST23_GCF_008632595_P07,Ecoli_ASM886v2,1
/ptmp/mfenk/data/mf_2020_hap/batch1/refbased_2024_08/mapping,Ecoli_ST23_GCF_900042785_P07,Ecoli_ASM886v2,1
/ptmp/mfenk/data/mf_2020_hap/batch1/refbased_2024_08/mapping,Ecoli_ST23_GCA_000782595seq_P07,Ecoli_ASM886v2,1
/ptmp/mfenk/data/mf_2020_hap/batch1/refbased_2024_08/mapping,Ecoli_ST23_GCA_005397725seq_P07,Ecoli_ASM886v2,1
/ptmp/mfenk/data/mf_2020_hap/batch1/refbased_2024_08/mapping,Pmirabilis_GCA_002944495_1_P21,Pmirabilis_ASM6996v1,1
/ptmp/mfenk/data/mf_2020_hap/batch1/refbased_2024_08/mapping,Pmirabilis_GCA_009806715_1_P21,Pmirabilis_ASM6996v1,1
/ptmp/mfenk/data/mf_2020_hap/batch1/refbased_2024_08/mapping,Pmirabilis_GCA_013357425_1_P21,Pmirabilis_ASM6996v1,1
/ptmp/mfenk/data/mf_2020_hap/batch1/refbased_2024_08/mapping,Pmirabilis_GCF_000069965_1_P21,Pmirabilis_ASM6996v1,1
/ptmp/mfenk/data/mf_2020_hap/batch1/refbased_2024_08/mapping,Pmirabilis_GCF_000783575_P21,Pmirabilis_ASM6996v1,1
/ptmp/mfenk/data/mf_2020_hap/batch1/refbased_2024_08/mapping,Pmirabilis_GCF_000783875_P21,Pmirabilis_ASM6996v1,1
/ptmp/mfenk/data/mf_2020_hap/batch1/refbased_2024_08/mapping,Pmirabilis_GCF_002310895_P21,Pmirabilis_ASM6996v1,1
/ptmp/mfenk/data/mf_2020_hap/batch1/refbased_2024_08/mapping,Pmirabilis_GCF_002944495_P21,Pmirabilis_ASM6996v1,1
/ptmp/mfenk/data/mf_2020_hap/batch1/refbased_2024_08/mapping,Pmirabilis_GCF_002945235_P21,Pmirabilis_ASM6996v1,1
/ptmp/mfenk/data/mf_2020_hap/batch1/refbased_2024_08/mapping,Pmirabilis_GCF_008041895_P21,Pmirabilis_ASM6996v1,1
/ptmp/mfenk/data/mf_2020_hap/batch1/refbased_2024_08/mapping,Pmirabilis_GCF_010442675_P21,Pmirabilis_ASM6996v1,1
/ptmp/mfenk/data/mf_2020_hap/batch1/refbased_2024_08/mapping,Pmirabilis_GCF_011383025_P21,Pmirabilis_ASM6996v1,1
/ptmp/mfenk/data/mf_2020_hap/batch1/refbased_2024_08/mapping,Pmirabilis_GCF_011383045_P21,Pmirabilis_ASM6996v1,1
/ptmp/mfenk/data/mf_2020_hap/batch1/refbased_2024_08/mapping,Pmirabilis_GCF_013357465_P21,Pmirabilis_ASM6996v1,1
/ptmp/mfenk/data/mf_2020_hap/batch1/refbased_2024_08/mapping,Pmirabilis_GCF_013357545_P21,Pmirabilis_ASM6996v1,1
/ptmp/mfenk/data/mf_2020_hap/batch1/refbased_2024_08/mapping,Pmirabilis_GCF_013357565_P21,Pmirabilis_ASM6996v1,1
/ptmp/mfenk/data/mf_2020_hap/batch1/refbased_2024_08/mapping,Pmirabilis_GCF_014843115_P21,Pmirabilis_ASM6996v1,1
/ptmp/mfenk/data/mf_2020_hap/batch1/refbased_2024_08/mapping,Pmirabilis_GCF_015694025_P21,Pmirabilis_ASM6996v1,1
/ptmp/mfenk/data/mf_2020_hap/batch1/refbased_2024_08/mapping,Pmirabilis_GCF_016939715_P21,Pmirabilis_ASM6996v1,1
/ptmp/mfenk/data/mf_2020_hap/batch1/refbased_2024_08/mapping,Pmirabilis_GCF_019443785_P21,Pmirabilis_ASM6996v1,1
/ptmp/mfenk/data/mf_2020_hap/batch1/refbased_2024_08/mapping,Ecoli_STST23_GCA_000819645_1_P21,Ecoli_ASM886v2,1
/ptmp/mfenk/data/mf_2020_hap/batch1/refbased_2024_08/mapping,Ecoli_STST23_GCA_001900635_1_P21,Ecoli_ASM886v2,1
/ptmp/mfenk/data/mf_2020_hap/batch1/refbased_2024_08/mapping,Ecoli_STST23_GCA_003856695_1_P21,Ecoli_ASM886v2,1
/ptmp/mfenk/data/mf_2020_hap/batch1/refbased_2024_08/mapping,Ecoli_ST23_GCF_000408225_P21,Ecoli_ASM886v2,1
/ptmp/mfenk/data/mf_2020_hap/batch1/refbased_2024_08/mapping,Ecoli_ST23_GCF_000782595_P21,Ecoli_ASM886v2,1
/ptmp/mfenk/data/mf_2020_hap/batch1/refbased_2024_08/mapping,Ecoli_ST23_GCF_001900555_P21,Ecoli_ASM886v2,1
/ptmp/mfenk/data/mf_2020_hap/batch1/refbased_2024_08/mapping,Ecoli_ST23_GCF_002202175_P21,Ecoli_ASM886v2,1
/ptmp/mfenk/data/mf_2020_hap/batch1/refbased_2024_08/mapping,Ecoli_ST23_GCF_004380435_P21,Ecoli_ASM886v2,1
/ptmp/mfenk/data/mf_2020_hap/batch1/refbased_2024_08/mapping,Ecoli_ST23_GCF_004960205_P21,Ecoli_ASM886v2,1
/ptmp/mfenk/data/mf_2020_hap/batch1/refbased_2024_08/mapping,Ecoli_ST23_GCF_005397725_P21,Ecoli_ASM886v2,1
/ptmp/mfenk/data/mf_2020_hap/batch1/refbased_2024_08/mapping,Ecoli_ST23_GCF_008632595_P21,Ecoli_ASM886v2,1
/ptmp/mfenk/data/mf_2020_hap/batch1/refbased_2024_08/mapping,Ecoli_ST23_GCF_900042785_P21,Ecoli_ASM886v2,1
/ptmp/mfenk/data/mf_2020_hap/batch1/refbased_2024_08/mapping,Ecoli_ST23_GCA_000782595seq_P21,Ecoli_ASM886v2,1
/ptmp/mfenk/data/mf_2020_hap/batch1/refbased_2024_08/mapping,Ecoli_ST23_GCA_005397725seq_P21,Ecoli_ASM886v2,1
/ptmp/mfenk/data/mf_2020_hap/batch1/refbased_2024_08/mapping,Saureus_STST97_GCA_000239235_1_P21,Saureus_ASM1342v1,1
/ptmp/mfenk/data/mf_2020_hap/batch1/refbased_2024_08/mapping,Saureus_STST97_GCA_900635095_1_P21,Saureus_ASM1342v1,1
/ptmp/mfenk/data/mf_2020_hap/batch1/refbased_2024_08/mapping,Saureus_STST97_GCF_003186105_1_P21,Saureus_ASM1342v1,1
/ptmp/mfenk/data/mf_2020_hap/batch1/refbased_2024_08/mapping,Saureus_ST97_GCF_000470845_P21,Saureus_ASM1342v1,1
/ptmp/mfenk/data/mf_2020_hap/batch1/refbased_2024_08/mapping,Saureus_ST97_GCF_001611385_P21,Saureus_ASM1342v1,1
/ptmp/mfenk/data/mf_2020_hap/batch1/refbased_2024_08/mapping,Saureus_ST97_GCF_001656075_P21,Saureus_ASM1342v1,1
/ptmp/mfenk/data/mf_2020_hap/batch1/refbased_2024_08/mapping,Saureus_ST97_GCF_001986135_P21,Saureus_ASM1342v1,1
/ptmp/mfenk/data/mf_2020_hap/batch1/refbased_2024_08/mapping,Saureus_ST97_GCF_002214665_P21,Saureus_ASM1342v1,1
/ptmp/mfenk/data/mf_2020_hap/batch1/refbased_2024_08/mapping,Saureus_ST97_GCF_003288395_P21,Saureus_ASM1342v1,1
/ptmp/mfenk/data/mf_2020_hap/batch1/refbased_2024_08/mapping,Saureus_ST97_GCF_003342775_P21,Saureus_ASM1342v1,1
/ptmp/mfenk/data/mf_2020_hap/batch1/refbased_2024_08/mapping,Saureus_ST97_GCF_005707015_P21,Saureus_ASM1342v1,1
/ptmp/mfenk/data/mf_2020_hap/batch1/refbased_2024_08/mapping,Saureus_ST97_GCF_005707335_P21,Saureus_ASM1342v1,1
/ptmp/mfenk/data/mf_2020_hap/batch1/refbased_2024_08/mapping,Saureus_ST97_GCF_007826355_P21,Saureus_ASM1342v1,1
/ptmp/mfenk/data/mf_2020_hap/batch1/refbased_2024_08/mapping,Saureus_ST97_GCF_007998145_P21,Saureus_ASM1342v1,1
/ptmp/mfenk/data/mf_2020_hap/batch1/refbased_2024_08/mapping,Saureus_ST97_GCF_900080765_P21,Saureus_ASM1342v1,1
/ptmp/mfenk/data/mf_2020_hap/batch1/refbased_2024_08/mapping,Saureus_ST97_GCF_900096745_P21,Saureus_ASM1342v1,1
/ptmp/mfenk/data/mf_2020_hap/batch1/refbased_2024_08/mapping,Saureus_ST97_GCF_900635305_P21,Saureus_ASM1342v1,1
/ptmp/mfenk/data/mf_2020_hap/batch1/refbased_2024_08/mapping,Paeruginosa_GCA_000981825_P21,Paeruginosa_GCF_000006765,1
/ptmp/mfenk/data/mf_2020_hap/batch1/refbased_2024_08/mapping,Paeruginosa_GCA_001045685_P21,Paeruginosa_GCF_000006765,1
/ptmp/mfenk/data/mf_2020_hap/batch1/refbased_2024_08/mapping,Paeruginosa_GCA_001457615_P21,Paeruginosa_GCF_000006765,1
/ptmp/mfenk/data/mf_2020_hap/batch1/refbased_2024_08/mapping,Paeruginosa_GCA_001516265_P21,Paeruginosa_GCF_000006765,1
/ptmp/mfenk/data/mf_2020_hap/batch1/refbased_2024_08/mapping,Paeruginosa_GCA_002085605_P21,Paeruginosa_GCF_000006765,1
/ptmp/mfenk/data/mf_2020_hap/batch1/refbased_2024_08/mapping,Paeruginosa_GCA_002208645_P21,Paeruginosa_GCF_000006765,1
/ptmp/mfenk/data/mf_2020_hap/batch1/refbased_2024_08/mapping,Paeruginosa_GCA_003073795_P21,Paeruginosa_GCF_000006765,1
/ptmp/mfenk/data/mf_2020_hap/batch1/refbased_2024_08/mapping,Paeruginosa_GCA_009676765_P21,Paeruginosa_GCF_000006765,1
/ptmp/mfenk/data/mf_2020_hap/batch1/refbased_2024_08/mapping,Paeruginosa_GCA_009676785_P21,Paeruginosa_GCF_000006765,1
/ptmp/mfenk/data/mf_2020_hap/batch1/refbased_2024_08/mapping,Paeruginosa_GCA_013201115_P21,Paeruginosa_GCF_000006765,1
/ptmp/mfenk/data/mf_2020_hap/batch1/refbased_2024_08/mapping,Paeruginosa_GCA_023093935_P21,Paeruginosa_GCF_000006765,1
/ptmp/mfenk/data/mf_2020_hap/batch1/refbased_2024_08/mapping,Paeruginosa_GCA_026727755_P21,Paeruginosa_GCF_000006765,1
/ptmp/mfenk/data/mf_2020_hap/batch1/refbased_2024_08/mapping,Paeruginosa_GCA_029916825_P21,Paeruginosa_GCF_000006765,1
/ptmp/mfenk/data/mf_2020_hap/batch1/refbased_2024_08/mapping,Paeruginosa_GCA_029961325_P21,Paeruginosa_GCF_000006765,1
/ptmp/mfenk/data/mf_2020_hap/batch1/refbased_2024_08/mapping,Paeruginosa_GCA_029962205_P21,Paeruginosa_GCF_000006765,1
/ptmp/mfenk/data/mf_2020_hap/batch1/refbased_2024_08/mapping,Paeruginosa_GCA_031223175_P21,Paeruginosa_GCF_000006765,1
/ptmp/mfenk/data/mf_2020_hap/batch1/refbased_2024_08/mapping,Paeruginosa_GCA_033615795_P21,Paeruginosa_GCF_000006765,1
/ptmp/mfenk/data/mf_2020_hap/batch1/refbased_2024_08/mapping,Paeruginosa_GCA_033971305_P21,Paeruginosa_GCF_000006765,1
/ptmp/mfenk/data/mf_2020_hap/batch1/refbased_2024_08/mapping,Paeruginosa_GCA_036542105_P21,Paeruginosa_GCF_000006765,1
